Date,Level
3/1/14,100
3/2/14,100
3/3/14,99.92090277
3/4/14,99.92090277
3/5/14,100.0306579
3/6/14,100.0306579
3/7/14,100.0306579
3/8/14,100.0306579
3/9/14,100.0306579
3/10/14,100.0234837
3/11/14,100.0234837
3/12/14,100.0234837
3/13/14,100.0234837
3/14/14,100.0234837
3/15/14,100.0234837
3/16/14,100.0234837
3/17/14,100.0234837
3/18/14,100.0234837
3/19/14,100.0234837
3/20/14,100.1471769
3/21/14,100.1471769
3/22/14,100.1471769
3/23/14,100.1471769
3/24/14,100.1471769
3/25/14,100.1471769
3/26/14,100.1471769
3/27/14,100.1471769
3/28/14,100.1626057
3/29/14,100.1626057
3/30/14,100.1626057
3/31/14,100.1961909
4/1/14,100.1961909
4/2/14,100.1961909
4/3/14,100.1961909
4/4/14,100.1961909
4/5/14,100.1961909
4/6/14,100.1961909
4/7/14,100.1961909
4/8/14,100.1961909
4/9/14,100.1961909
4/10/14,100.1961909
4/11/14,100.1961909
4/12/14,100.1961909
4/13/14,100.1961909
4/14/14,100.1961909
4/15/14,100.1961909
4/16/14,100.1961909
4/17/14,100.1961909
4/18/14,100.1961909
4/19/14,100.1961909
4/20/14,100.1961909
4/21/14,100.2047731
4/22/14,100.2047731
4/23/14,100.2107199
4/24/14,100.2531651
4/25/14,100.2901783
4/26/14,100.2901783
4/27/14,100.2901783
4/28/14,100.2901783
4/29/14,99.97491819
4/30/14,99.97491819
5/1/14,99.98111664
5/2/14,100.0225136
5/3/14,100.0225136
5/4/14,100.0225136
5/5/14,100.0225136
5/6/14,99.97477506
5/7/14,100.0315181
5/8/14,100.0315181
5/9/14,100.041979
5/10/14,100.041979
5/11/14,100.041979
5/12/14,100.041979
5/13/14,100.041979
5/14/14,100.0051258
5/15/14,100.0051258
5/16/14,99.96165651
5/17/14,99.96165651
5/18/14,99.96165651
5/19/14,99.96165651
5/20/14,99.96165651
5/21/14,100.0362259
5/22/14,100.0362259
5/23/14,100.0362259
5/24/14,100.0362259
5/25/14,100.0362259
5/26/14,100.0362259
5/27/14,100.0362259
5/28/14,100.0362259
5/29/14,100.0362259
5/30/14,100.1543137
5/31/14,100.1543137
6/1/14,100.1543137
6/2/14,100.1543137
6/3/14,100.1795863
6/4/14,100.1795863
6/5/14,100.1795863
6/6/14,100.2036507
6/7/14,100.2036507
6/8/14,100.2036507
6/9/14,100.2137935
6/10/14,100.2137935
6/11/14,100.2137935
6/12/14,100.2137935
6/13/14,100.2137935
6/14/14,100.2137935
6/15/14,100.2137935
6/16/14,100.2137935
6/17/14,100.2137935
6/18/14,100.2137935
6/19/14,100.2137935
6/20/14,100.2137935
6/21/14,100.2137935
6/22/14,100.2137935
6/23/14,100.2137935
6/24/14,100.2137935
6/25/14,100.2341707
6/26/14,100.3659924
6/27/14,100.3659924
6/28/14,100.3659924
6/29/14,100.3659924
6/30/14,100.3659924
7/1/14,100.3659924
7/2/14,100.3659924
7/3/14,100.3659924
7/4/14,100.3659924
7/5/14,100.3659924
7/6/14,100.3659924
7/7/14,100.3659924
7/8/14,100.3659924
7/9/14,100.3659924
7/10/14,100.3659924
7/11/14,100.3659924
7/12/14,100.3659924
7/13/14,100.3659924
7/14/14,100.3659924
7/15/14,100.3659924
7/16/14,100.3659924
7/17/14,100.3659924
7/18/14,100.3659924
7/19/14,100.3659924
7/20/14,100.3659924
7/21/14,100.3717554
7/22/14,100.3717554
7/23/14,100.379277
7/24/14,100.379277
7/25/14,100.4439191
7/26/14,100.4439191
7/27/14,100.4439191
7/28/14,100.4439191
7/29/14,100.2580958
7/30/14,100.2580958
7/31/14,101.5115363
8/1/14,101.5115363
8/2/14,101.5115363
8/3/14,101.5115363
8/4/14,101.5115363
8/5/14,101.6424288
8/6/14,101.6851881
8/7/14,101.7460929
8/8/14,101.7552815
8/9/14,101.7552815
8/10/14,101.7552815
8/11/14,101.7552815
8/12/14,101.7552815
8/13/14,101.7552815
8/14/14,101.7552815
8/15/14,101.7552815
8/16/14,101.7552815
8/17/14,101.7552815
8/18/14,101.7552815
8/19/14,101.7552815
8/20/14,101.7552815
8/21/14,101.7552815
8/22/14,101.7552815
8/23/14,101.7552815
8/24/14,101.7552815
8/25/14,101.7552815
8/26/14,101.8830238
8/27/14,101.8875442
8/28/14,101.8875442
8/29/14,101.8875442
8/30/14,101.8875442
8/31/14,101.8875442
9/1/14,101.8875442
9/2/14,101.9421902
9/3/14,101.9421902
9/4/14,101.9421902
9/5/14,101.9421902
9/6/14,101.9421902
9/7/14,101.9421902
9/8/14,101.9421902
9/9/14,101.9544443
9/10/14,101.9544443
9/11/14,101.9544443
9/12/14,101.982717
9/13/14,101.982717
9/14/14,101.982717
9/15/14,101.982717
9/16/14,101.982717
9/17/14,101.982717
9/18/14,102.0059876
9/19/14,102.0059876
9/20/14,102.0059876
9/21/14,102.0059876
9/22/14,102.0059876
9/23/14,102.0851513
9/24/14,102.0851513
9/25/14,102.0887878
9/26/14,102.0887878
9/27/14,102.0887878
9/28/14,102.0887878
9/29/14,102.0887878
9/30/14,102.0887878
10/1/14,102.0887878
10/2/14,102.0887878
10/3/14,102.0887878
10/4/14,102.0887878
10/5/14,102.0887878
10/6/14,102.0887878
10/7/14,102.0887878
10/8/14,102.0887878
10/9/14,102.0887878
10/10/14,102.0887878
10/11/14,102.0887878
10/12/14,102.0887878
10/13/14,102.0887878
10/14/14,102.0887878
10/15/14,102.0887878
10/16/14,102.0887878
10/17/14,102.0887878
10/18/14,102.0887878
10/19/14,102.0887878
10/20/14,102.1007504
10/21/14,102.1007504
10/22/14,102.1083992
10/23/14,103.8052325
10/24/14,103.8449271
10/25/14,103.8449271
10/26/14,103.8449271
10/27/14,103.8449271
10/28/14,103.5688219
10/29/14,103.5688219
10/30/14,103.5834039
10/31/14,103.5834039
11/1/14,103.5834039
11/2/14,103.5834039
11/3/14,103.5834039
11/4/14,103.6972946
11/5/14,103.7613882
11/6/14,103.7787933
11/7/14,103.8089391
11/8/14,103.8089391
11/9/14,103.8089391
11/10/14,103.8089391
11/11/14,103.8089391
11/12/14,103.8089391
11/13/14,103.8089391
11/14/14,103.8089391
11/15/14,103.8089391
11/16/14,103.8089391
11/17/14,103.8089391
11/18/14,103.8089391
11/19/14,103.8089391
11/20/14,103.8089391
11/21/14,103.8266096
11/22/14,103.8266096
11/23/14,103.8266096
11/24/14,103.8266096
11/25/14,103.8492864
11/26/14,103.9580025
11/27/14,103.9580025
11/28/14,103.9580025
11/29/14,103.9580025
11/30/14,103.9580025
12/1/14,103.9580025
12/2/14,103.9580025
12/3/14,103.9580025
12/4/14,103.9580025
12/5/14,104.0110132
12/6/14,104.0110132
12/7/14,104.0110132
12/8/14,104.0110132
12/9/14,104.0110132
12/10/14,104.0242293
12/11/14,104.0242293
12/12/14,104.0242293
12/13/14,104.0242293
12/14/14,104.0242293
12/15/14,104.0242293
12/16/14,104.0242293
12/17/14,104.0242293
12/18/14,104.0242293
12/19/14,104.1383805
12/20/14,104.1383805
12/21/14,104.1383805
12/22/14,104.1383805
12/23/14,104.1383805
12/24/14,104.1383805
12/25/14,104.1383805
12/26/14,104.1383805
12/27/14,104.1383805
12/28/14,104.1383805
12/29/14,104.1383805
12/30/14,104.1383805
12/31/14,104.1383805
1/1/15,104.1383805
1/2/15,104.1383805
1/3/15,104.1383805
1/4/15,104.1383805
1/5/15,104.1383805
1/6/15,104.1383805
1/7/15,104.1383805
1/8/15,104.1383805
1/9/15,104.1383805
1/10/15,104.1383805
1/11/15,104.1383805
1/12/15,104.1383805
1/13/15,104.1383805
1/14/15,104.1383805
1/15/15,104.1383805
1/16/15,104.1383805
1/17/15,104.1383805
1/18/15,104.1383805
1/19/15,104.1383805
1/20/15,104.1495584
1/21/15,104.1495584
1/22/15,104.1495584
1/23/15,104.1495584
1/24/15,104.1495584
1/25/15,104.1495584
1/26/15,104.8390599
1/27/15,104.8759339
1/28/15,104.8759339
1/29/15,104.8759339
1/30/15,104.8759339
1/31/15,104.8759339
2/1/15,104.8759339
2/2/15,104.8759339
2/3/15,104.8759339
2/4/15,104.988318
2/5/15,105.0074021
2/6/15,104.5364059
2/7/15,104.5364059
2/8/15,104.5364059
2/9/15,104.5127274
2/10/15,104.5127274
2/11/15,104.5589191
2/12/15,104.5589191
2/13/15,104.5589191
2/14/15,104.5589191
2/15/15,104.5589191
2/16/15,104.5589191
2/17/15,104.5589191
2/18/15,104.5648228
2/19/15,104.5913507
2/20/15,104.6278749
2/21/15,104.6278749
2/22/15,104.6278749
2/23/15,104.6278749
2/24/15,102.9994149
2/25/15,102.9994149
2/26/15,103.0467895
2/27/15,103.0726633
2/28/15,103.0726633
3/1/15,103.0726633
3/2/15,103.0891388
3/3/15,103.1162054
3/4/15,103.1162054
3/5/15,103.1162054
3/6/15,103.2220041
3/7/15,103.2220041
3/8/15,103.2220041
3/9/15,103.2220041
3/10/15,103.2220041
3/11/15,103.2220041
3/12/15,103.2220041
3/13/15,103.2220041
3/14/15,103.2220041
3/15/15,103.2220041
3/16/15,103.2220041
3/17/15,103.2220041
3/18/15,103.24957
3/19/15,103.2559314
3/20/15,103.2559314
3/21/15,103.2559314
3/22/15,103.2559314
3/23/15,103.2559314
3/24/15,103.2559314
3/25/15,103.3243048
3/26/15,103.3243048
3/27/15,103.3243048
3/28/15,103.3243048
3/29/15,103.3243048
3/30/15,103.3243048
3/31/15,103.3410853
4/1/15,103.3410853
4/2/15,103.3410853
4/3/15,103.3410853
4/4/15,103.3410853
4/5/15,103.3410853
4/6/15,103.3410853
4/7/15,103.3410853
4/8/15,103.3410853
4/9/15,103.3410853
4/10/15,103.3410853
4/11/15,103.3410853
4/12/15,103.3410853
4/13/15,103.3410853
4/14/15,103.3410853
4/15/15,103.3410853
4/16/15,103.3410853
4/17/15,103.3410853
4/18/15,103.3410853
4/19/15,103.3410853
4/20/15,103.3410853
4/21/15,103.3410853
4/22/15,103.3489805
4/23/15,103.8176012
4/24/15,103.8535468
4/25/15,103.8535468
4/26/15,103.8535468
4/27/15,103.8651442
4/28/15,102.9496648
4/29/15,102.9496648
4/30/15,102.9637814
5/1/15,102.9945079
5/2/15,102.9945079
5/3/15,102.9945079
5/4/15,102.9945079
5/5/15,102.9945079
5/6/15,103.0654509
5/7/15,103.0912052
5/8/15,103.1914713
5/9/15,103.1914713
5/10/15,103.1914713
5/11/15,103.1914713
5/12/15,103.1914713
5/13/15,103.1914713
5/14/15,103.1914713
5/15/15,103.1914713
5/16/15,103.1914713
5/17/15,103.1914713
5/18/15,103.1914713
5/19/15,103.1914713
5/20/15,103.1914713
5/21/15,103.2133827
5/22/15,103.2445802
5/23/15,103.2445802
5/24/15,103.2445802
5/25/15,103.2445802
5/26/15,103.2445802
5/27/15,103.2445802
5/28/15,103.2931641
5/29/15,103.2931641
5/30/15,103.2931641
5/31/15,103.2931641
6/1/15,103.2931641
6/2/15,103.2931641
6/3/15,103.2931641
6/4/15,103.2931641
6/5/15,103.3254021
6/6/15,103.3254021
6/7/15,103.3254021
6/8/15,103.3254021
6/9/15,103.3394529
6/10/15,103.3394529
6/11/15,103.3394529
6/12/15,103.3394529
6/13/15,103.3394529
6/14/15,103.3394529
6/15/15,103.3394529
6/16/15,103.3394529
6/17/15,103.3394529
6/18/15,103.3394529
6/19/15,103.3394529
6/20/15,103.3394529
6/21/15,103.3394529
6/22/15,103.3394529
6/23/15,103.3394529
6/24/15,103.3726557
6/25/15,103.1572288
6/26/15,103.1572288
6/27/15,103.1572288
6/28/15,103.1572288
6/29/15,103.1572288
6/30/15,103.1572288
7/1/15,103.1572288
7/2/15,103.1572288
7/3/15,103.1572288
7/4/15,103.1572288
7/5/15,103.1572288
7/6/15,103.1572288
7/7/15,103.1572288
7/8/15,103.1572288
7/9/15,103.1572288
7/10/15,103.1572288
7/11/15,103.1572288
7/12/15,103.1572288
7/13/15,103.1572288
7/14/15,103.1572288
7/15/15,103.1572288
7/16/15,103.1572288
7/17/15,103.1572288
7/18/15,103.1572288
7/19/15,103.1572288
7/20/15,103.1572288
7/21/15,103.1572288
7/22/15,103.1649769
7/23/15,103.1649769
7/24/15,103.1649769
7/25/15,103.1649769
7/26/15,103.1649769
7/27/15,103.1780866
7/28/15,102.0606406
7/29/15,102.0651557
7/30/15,102.0732661
7/31/15,101.6542479
8/1/15,101.6542479
8/2/15,101.6542479
8/3/15,101.6542479
8/4/15,101.7000804
8/5/15,101.7980967
8/6/15,101.823551
8/7/15,101.8443665
8/8/15,101.8443665
8/9/15,101.8443665
8/10/15,101.8973326
8/11/15,101.8934451
8/12/15,101.8100405
8/13/15,101.8100405
8/14/15,101.8100405
8/15/15,101.8100405
8/16/15,101.8100405
8/17/15,101.8100405
8/18/15,101.8100405
8/19/15,101.8100405
8/20/15,101.8100405
8/21/15,101.8100405
8/22/15,101.8100405
8/23/15,101.8100405
8/24/15,101.8100405
8/25/15,101.9217649
8/26/15,101.9217649
8/27/15,101.9217649
8/28/15,101.9217649
8/29/15,101.9217649
8/30/15,101.9217649
8/31/15,101.9120108
9/1/15,101.8427426
9/2/15,101.8427426
9/3/15,101.8427426
9/4/15,101.8766402
9/5/15,101.8766402
9/6/15,101.8766402
9/7/15,101.8766402
9/8/15,101.8766402
9/9/15,101.8931723
9/10/15,101.8931723
9/11/15,101.899727
9/12/15,101.899727
9/13/15,101.899727
9/14/15,101.899727
9/15/15,101.899727
9/16/15,101.899727
9/17/15,101.9370639
9/18/15,101.8847594
9/19/15,101.8847594
9/20/15,101.8847594
9/21/15,101.8847594
9/22/15,101.8847594
9/23/15,101.959809
9/24/15,101.959809
9/25/15,101.959809
9/26/15,101.959809
9/27/15,101.959809
9/28/15,101.959809
9/29/15,101.959809
9/30/15,101.959809
10/1/15,101.959809
10/2/15,101.959809
10/3/15,101.959809
10/4/15,101.959809
10/5/15,101.959809
10/6/15,101.959809
10/7/15,101.959809
10/8/15,101.959809
10/9/15,101.959809
10/10/15,101.959809
10/11/15,101.959809
10/12/15,101.959809
10/13/15,101.959809
10/14/15,101.959809
10/15/15,101.959809
10/16/15,101.959809
10/17/15,101.959809
10/18/15,101.959809
10/19/15,101.959809
10/20/15,101.959809
10/21/15,101.967648
10/22/15,100.9703271
10/23/15,100.9703271
10/24/15,100.9703271
10/25/15,100.9703271
10/26/15,100.9703271
10/27/15,99.91681524
10/28/15,99.91001141
10/29/15,99.92274191
10/30/15,99.92878875
10/31/15,99.92878875
11/1/15,99.92878875
11/2/15,99.92878875
11/3/15,99.92872195
11/4/15,100.0787272
11/5/15,100.0844666
11/6/15,100.2116377
11/7/15,100.2116377
11/8/15,100.2116377
11/9/15,100.2664218
11/10/15,100.2045752
11/11/15,100.2045752
11/12/15,100.2045752
11/13/15,100.2045752
11/14/15,100.2045752
11/15/15,100.2045752
11/16/15,100.2045752
11/17/15,100.2045752
11/18/15,100.2045752
11/19/15,100.2045752
11/20/15,100.356298
11/21/15,100.356298
11/22/15,100.356298
11/23/15,100.356298
11/24/15,100.3933706
11/25/15,100.3933706
11/26/15,100.3933706
11/27/15,100.3933706
11/28/15,100.3933706
11/29/15,100.3933706
11/30/15,100.3933706
12/1/15,100.3933706
12/2/15,100.3933706
12/3/15,100.3933706
12/4/15,100.4252467
12/5/15,100.4252467
12/6/15,100.4252467
12/7/15,100.4252467
12/8/15,100.4252467
12/9/15,100.4188147
12/10/15,100.4394506
12/11/15,100.4394506
12/12/15,100.4394506
12/13/15,100.4394506
12/14/15,100.4394506
12/15/15,100.4394506
12/16/15,100.4394506
12/17/15,100.4394506
12/18/15,100.225638
12/19/15,100.225638
12/20/15,100.225638
12/21/15,100.225638
12/22/15,100.225638
12/23/15,100.225638
12/24/15,100.225638
12/25/15,100.225638
12/26/15,100.225638
12/27/15,100.225638
12/28/15,100.225638
12/29/15,100.225638
12/30/15,100.225638
12/31/15,100.225638
1/1/16,100.225638
1/2/16,100.225638
1/3/16,100.225638
1/4/16,100.225638
1/5/16,100.225638
1/6/16,100.225638
1/7/16,100.225638
1/8/16,100.225638
1/9/16,100.225638
1/10/16,100.225638
1/11/16,100.225638
1/12/16,100.225638
1/13/16,100.225638
1/14/16,100.225638
1/15/16,100.225638
1/16/16,100.225638
1/17/16,100.225638
1/18/16,100.225638
1/19/16,100.3080092
1/20/16,100.3080092
1/21/16,100.3080092
1/22/16,100.3080092
1/23/16,100.3080092
1/24/16,100.3080092
1/25/16,100.3080092
1/26/16,100.3080092
1/27/16,100.3080092
1/28/16,99.36299293
1/29/16,99.36299293
1/30/16,99.36299293
1/31/16,99.36299293
2/1/16,99.36299293
2/2/16,99.36299293
2/3/16,99.36299293
2/4/16,99.35326498
2/5/16,99.3608912
2/6/16,99.3608912
2/7/16,99.3608912
2/8/16,99.34110028
2/9/16,99.34021747
2/10/16,99.34021747
2/11/16,99.34021747
2/12/16,99.34021747
2/13/16,99.34021747
2/14/16,99.34021747
2/15/16,99.34021747
2/16/16,99.34021747
2/17/16,99.42830931
2/18/16,99.45349361
2/19/16,99.45349361
2/20/16,99.45349361
2/21/16,99.45349361
2/22/16,99.45349361
2/23/16,98.72759104
2/24/16,98.7725355
2/25/16,98.86403952
2/26/16,99.01652005
2/27/16,99.01652005
2/28/16,99.01652005
2/29/16,98.9731062
3/1/16,98.9731062
3/2/16,98.9731062
3/3/16,98.9731062
3/4/16,98.9731062
3/5/16,98.9731062
3/6/16,98.9731062
3/7/16,99.10202636
3/8/16,99.10202636
3/9/16,99.10202636
3/10/16,99.10202636
3/11/16,99.10202636
3/12/16,99.10202636
3/13/16,99.10202636
3/14/16,99.10202636
3/15/16,99.10202636
3/16/16,99.10202636
3/17/16,99.10202636
3/18/16,98.99105586
3/19/16,98.99105586
3/20/16,98.99105586
3/21/16,98.99105586
3/22/16,99.02539098
3/23/16,99.01963041
3/24/16,99.01963041
3/25/16,99.01963041
3/26/16,99.01963041
3/27/16,99.01963041
3/28/16,99.01963041
3/29/16,99.01963041
3/30/16,99.14218778
3/31/16,99.14218778
4/1/16,99.14218778
4/2/16,99.14218778
4/3/16,99.14218778
4/4/16,99.14218778
4/5/16,99.14218778
4/6/16,99.14218778
4/7/16,99.14218778
4/8/16,99.14218778
4/9/16,99.14218778
4/10/16,99.14218778
4/11/16,99.14218778
4/12/16,99.14218778
4/13/16,99.14218778
4/14/16,99.14218778
4/15/16,99.14218778
4/16/16,99.14218778
4/17/16,99.14218778
4/18/16,99.14218778
4/19/16,99.14218778
4/20/16,99.14218778
4/21/16,98.71880352
4/22/16,98.71880352
4/23/16,98.71880352
4/24/16,98.71880352
4/25/16,98.73170154
4/26/16,98.41151277
4/27/16,98.42469246
4/28/16,98.48644754
4/29/16,98.49212294
4/30/16,98.49212294
5/1/16,98.49212294
5/2/16,98.49212294
5/3/16,98.53043533
5/4/16,98.75166951
5/5/16,98.77383711
5/6/16,98.91861792
5/7/16,98.91861792
5/8/16,98.91861792
5/9/16,99.03131058
5/10/16,99.03131058
5/11/16,99.03131058
5/12/16,99.03131058
5/13/16,99.03131058
5/14/16,99.03131058
5/15/16,99.03131058
5/16/16,99.03131058
5/17/16,99.03131058
5/18/16,99.03131058
5/19/16,99.05856444
5/20/16,98.29076025
5/21/16,98.29076025
5/22/16,98.29076025
5/23/16,98.29076025
5/24/16,98.35048642
5/25/16,98.35048642
5/26/16,98.35048642
5/27/16,98.43339622
5/28/16,98.43339622
5/29/16,98.43339622
5/30/16,98.43339622
5/31/16,98.43339622
6/1/16,98.46678385
6/2/16,98.46678385
6/3/16,98.46678385
6/4/16,98.46678385
6/5/16,98.46678385
6/6/16,98.41921497
6/7/16,98.41921497
6/8/16,98.41921497
6/9/16,98.44052095
6/10/16,98.44052095
6/11/16,98.44052095
6/12/16,98.44052095
6/13/16,98.44052095
6/14/16,98.44052095
6/15/16,98.44052095
6/16/16,98.44052095
6/17/16,98.44052095
6/18/16,98.44052095
6/19/16,98.44052095
6/20/16,98.44052095
6/21/16,98.44052095
6/22/16,98.40093912
6/23/16,98.40093912
6/24/16,98.40093912
6/25/16,98.40093912
6/26/16,98.40093912
6/27/16,98.40093912
6/28/16,98.40093912
6/29/16,98.48453843
6/30/16,98.48453843
7/1/16,98.48453843
7/2/16,98.48453843
7/3/16,98.48453843
7/4/16,98.48453843
7/5/16,98.48453843
7/6/16,98.48453843
7/7/16,98.48453843
7/8/16,98.48453843
7/9/16,98.48453843
7/10/16,98.48453843
7/11/16,98.48453843
7/12/16,98.48453843
7/13/16,98.48453843
7/14/16,98.48453843
7/15/16,98.48453843
7/16/16,98.48453843
7/17/16,98.48453843
7/18/16,98.48453843
7/19/16,98.48453843
7/20/16,98.48453843
7/21/16,98.48453843
7/22/16,98.48453843
7/23/16,98.48453843
7/24/16,98.48453843
7/25/16,98.49766334
7/26/16,98.29515985
7/27/16,98.29554683
7/28/16,97.76998806
7/29/16,97.7770619
7/30/16,97.7770619
7/31/16,97.7770619
8/1/16,97.7770619
8/2/16,98.0554413
8/3/16,98.12066686
8/4/16,98.3103006
8/5/16,98.42636303
8/6/16,98.42636303
8/7/16,98.42636303
8/8/16,98.42636303
8/9/16,98.46626293
8/10/16,98.46626293
8/11/16,98.46626293
8/12/16,98.46626293
8/13/16,98.46626293
8/14/16,98.46626293
8/15/16,98.46626293
8/16/16,98.46626293
8/17/16,98.46626293
8/18/16,98.46626293
8/19/16,98.46626293
8/20/16,98.46626293
8/21/16,98.46626293
8/22/16,98.46626293
8/23/16,98.46626293
8/24/16,98.46626293
8/25/16,98.46626293
8/26/16,98.46626293
8/27/16,98.46626293
8/28/16,98.46626293
8/29/16,98.47801591
8/30/16,98.45723544
8/31/16,98.45723544
9/1/16,98.61978037
9/2/16,98.65336379
9/3/16,98.65336379
9/4/16,98.65336379
9/5/16,98.65336379
9/6/16,98.65336379
9/7/16,98.65336379
9/8/16,98.71746339
9/9/16,98.71746339
9/10/16,98.71746339
9/11/16,98.71746339
9/12/16,98.71746339
9/13/16,98.71746339
9/14/16,98.71746339
9/15/16,98.71746339
9/16/16,98.71746339
9/17/16,98.71746339
9/18/16,98.71746339
9/19/16,98.76941455
9/20/16,98.76941455
9/21/16,98.76941455
9/22/16,98.76941455
9/23/16,98.76941455
9/24/16,98.76941455
9/25/16,98.76941455
9/26/16,98.76941455
9/27/16,98.85642355
9/28/16,98.85642355
9/29/16,98.85642355
9/30/16,98.85642355
10/1/16,98.85642355
10/2/16,98.85642355
10/3/16,98.85642355
10/4/16,98.85642355
10/5/16,98.85642355
10/6/16,98.85642355
10/7/16,98.85642355
10/8/16,98.85642355
10/9/16,98.85642355
10/10/16,98.85642355
10/11/16,98.85642355
10/12/16,98.85642355
10/13/16,98.85642355
10/14/16,98.85642355
10/15/16,98.85642355
10/16/16,98.85642355
10/17/16,98.85642355
10/18/16,98.85642355
10/19/16,98.85642355
10/20/16,98.88257583
10/21/16,98.88257583
10/22/16,98.88257583
10/23/16,98.88257583
10/24/16,98.88697825
10/25/16,98.86754074
10/26/16,98.88296776
10/27/16,98.89131988
10/28/16,98.89826861
10/29/16,98.89826861
10/30/16,98.89826861
10/31/16,98.89826861
11/1/16,98.90804815
11/2/16,99.1860646
11/3/16,99.23495665
11/4/16,99.53100686
11/5/16,99.53100686
11/6/16,99.53100686
11/7/16,99.5671995
11/8/16,99.62480096
11/9/16,99.73103578
11/10/16,99.73103578
11/11/16,99.73103578
11/12/16,99.73103578
11/13/16,99.73103578
11/14/16,99.73103578
11/15/16,99.73103578
11/16/16,99.73103578
11/17/16,99.73103578
11/18/16,99.75400738
11/19/16,99.75400738
11/20/16,99.75400738
11/21/16,99.90696573
11/22/16,99.94262472
11/23/16,99.94262472
11/24/16,99.94262472
11/25/16,99.94262472
11/26/16,99.94262472
11/27/16,99.94262472
11/28/16,99.94262472
11/29/16,99.94262472
11/30/16,99.94262472
12/1/16,99.90367902
12/2/16,99.94054526
12/3/16,99.94054526
12/4/16,99.94054526
12/5/16,99.94054526
12/6/16,99.94054526
12/7/16,99.94054526
12/8/16,99.94054526
12/9/16,99.96541431
12/10/16,99.96541431
12/11/16,99.96541431
12/12/16,99.96541431
12/13/16,99.96541431
12/14/16,99.96541431
12/15/16,99.96541431
12/16/16,99.96541431
12/17/16,99.96541431
12/18/16,99.96541431
12/19/16,99.9802575
12/20/16,99.9802575
12/21/16,99.9802575
12/22/16,99.9802575
12/23/16,99.9802575
12/24/16,99.9802575
12/25/16,99.9802575
12/26/16,99.9802575
12/27/16,99.9802575
12/28/16,99.9802575
12/29/16,99.9802575
12/30/16,99.9802575
12/31/16,99.9802575
1/1/17,99.9802575
1/2/17,99.9802575
1/3/17,99.9802575
1/4/17,99.9802575
1/5/17,99.9802575
1/6/17,99.9802575
1/7/17,99.9802575
1/8/17,99.9802575
1/9/17,99.9802575
1/10/17,99.9802575
1/11/17,99.9802575
1/12/17,99.9802575
1/13/17,99.9802575
1/14/17,99.9802575
1/15/17,99.9802575
1/16/17,99.9802575
1/17/17,99.9802575
1/18/17,99.9802575
1/19/17,99.9802575
1/20/17,100.0869924
1/21/17,100.0869924
1/22/17,100.0869924
1/23/17,100.0869924
1/24/17,100.0869924
1/25/17,100.0869924
1/26/17,100.1908947
1/27/17,100.1908947
1/28/17,100.1908947
1/29/17,100.1908947
1/30/17,100.1908947
1/31/17,100.1908947
2/1/17,100.1908947
2/2/17,100.2182352
2/3/17,100.2648852
2/4/17,100.2648852
2/5/17,100.2648852
2/6/17,100.2648852
2/7/17,100.2928045
2/8/17,100.3148049
2/9/17,100.3203467
2/10/17,100.3593723
2/11/17,100.3593723
2/12/17,100.3593723
2/13/17,100.3593723
2/14/17,100.3593723
2/15/17,100.3593723
2/16/17,100.3606421
2/17/17,100.3606421
2/18/17,100.3606421
2/19/17,100.3606421
2/20/17,100.3606421
2/21/17,100.2621869
2/22/17,100.2743318
2/23/17,100.5159863
2/24/17,100.5319678
2/25/17,100.5319678
2/26/17,100.5319678
2/27/17,100.5557028
2/28/17,100.7585781
3/1/17,100.8130741
3/2/17,100.8130741
3/3/17,100.8130741
3/4/17,100.8130741
3/5/17,100.8130741
3/6/17,100.9843327
3/7/17,100.9843327
3/8/17,100.9843327
3/9/17,100.9843327
3/10/17,100.9843327
3/11/17,100.9843327
3/12/17,100.9843327
3/13/17,100.9843327
3/14/17,100.9843327
3/15/17,100.9843327
3/16/17,100.9843327
3/17/17,101.0525407
3/18/17,101.0525407
3/19/17,101.0525407
3/20/17,101.0925625
3/21/17,101.0326597
3/22/17,101.0326597
3/23/17,101.0326597
3/24/17,101.0326597
3/25/17,101.0326597
3/26/17,101.0326597
3/27/17,101.0326597
3/28/17,101.0326597
3/29/17,101.1686332
3/30/17,101.1686332
3/31/17,101.1686332
4/1/17,101.1686332
4/2/17,101.1686332
4/3/17,101.1686332
4/4/17,101.1686332
4/5/17,101.1686332
4/6/17,101.1686332
4/7/17,101.1686332
4/8/17,101.1686332
4/9/17,101.1686332
4/10/17,101.1686332
4/11/17,101.1686332
4/12/17,101.1686332
4/13/17,101.1686332
4/14/17,101.1686332
4/15/17,101.1686332
4/16/17,101.1686332
4/17/17,101.1686332
4/18/17,101.1686332
4/19/17,101.1686332
4/20/17,101.1686332
4/21/17,101.1686332
4/22/17,101.1686332
4/23/17,101.1686332
4/24/17,101.1686332
4/25/17,100.9919459
4/26/17,100.9919459
4/27/17,101.5523872
4/28/17,101.6350192
4/29/17,101.6350192
4/30/17,101.6350192
5/1/17,101.6350192
5/2/17,101.638518
5/3/17,101.6844612
5/4/17,101.7899535
5/5/17,101.9315762
5/6/17,101.9315762
5/7/17,101.9315762
5/8/17,101.9941551
5/9/17,101.9941551
5/10/17,102.196906
5/11/17,102.196906
5/12/17,102.196906
5/13/17,102.196906
5/14/17,102.196906
5/15/17,102.196906
5/16/17,102.196906
5/17/17,102.196906
5/18/17,102.196906
5/19/17,102.282431
5/20/17,102.282431
5/21/17,102.282431
5/22/17,102.4488783
5/23/17,102.5326363
5/24/17,102.678718
5/25/17,102.678718
5/26/17,102.678718
5/27/17,102.678718
5/28/17,102.678718
5/29/17,102.678718
5/30/17,102.678718
5/31/17,102.6694587
6/1/17,102.6998518
6/2/17,102.7465669
6/3/17,102.7465669
6/4/17,102.7465669
6/5/17,102.7465669
6/6/17,102.7465669
6/7/17,102.7465669
6/8/17,102.7665331
6/9/17,102.7665331
6/10/17,102.7665331
6/11/17,102.7665331
6/12/17,102.7665331
6/13/17,102.7665331
6/14/17,102.7665331
6/15/17,102.7665331
6/16/17,102.7665331
6/17/17,102.7665331
6/18/17,102.7665331
6/19/17,102.7665331
6/20/17,102.7665331
6/21/17,102.7665331
6/22/17,102.7665331
6/23/17,102.7665331
6/24/17,102.7665331
6/25/17,102.7665331
6/26/17,102.7665331
6/27/17,102.8722025
6/28/17,103.0041941
6/29/17,103.0041941
6/30/17,103.0041941
7/1/17,103.0041941
7/2/17,103.0041941
7/3/17,103.0041941
7/4/17,103.0041941
7/5/17,103.0041941
7/6/17,103.0041941
7/7/17,103.0041941
7/8/17,103.0041941
7/9/17,103.0041941
7/10/17,103.0041941
7/11/17,103.0041941
7/12/17,103.0041941
7/13/17,103.0041941
7/14/17,103.0041941
7/15/17,103.0041941
7/16/17,103.0041941
7/17/17,103.0041941
7/18/17,103.0041941
7/19/17,103.0041941
7/20/17,103.0041941
7/21/17,103.0041941
7/22/17,103.0041941
7/23/17,103.0041941
7/24/17,103.0133757
7/25/17,102.6772835
7/26/17,102.6915612
7/27/17,102.7022639
7/28/17,102.7291343
7/29/17,102.7291343
7/30/17,102.7291343
7/31/17,102.7291343
8/1/17,102.7379342
8/2/17,103.7116042
8/3/17,103.8530633
8/4/17,103.9851097
8/5/17,103.9851097
8/6/17,103.9851097
8/7/17,104.0568917
8/8/17,104.1658799
8/9/17,104.1658799
8/10/17,104.2971008
8/11/17,104.2971008
8/12/17,104.2971008
8/13/17,104.2971008
8/14/17,104.2971008
8/15/17,104.2971008
8/16/17,104.2971008
8/17/17,104.2971008
8/18/17,104.2971008
8/19/17,104.2971008
8/20/17,104.2971008
8/21/17,104.2971008
8/22/17,104.2971008
8/23/17,104.2971008
8/24/17,104.2971008
8/25/17,104.4885673
8/26/17,104.4885673
8/27/17,104.4885673
8/28/17,104.4885673
8/29/17,104.4885673
8/30/17,104.4885673
8/31/17,104.5248847
9/1/17,104.5559847
9/2/17,104.5559847
9/3/17,104.5559847
9/4/17,104.5559847
9/5/17,104.5559847
9/6/17,104.5797377
9/7/17,104.6180119
9/8/17,104.6180119
9/9/17,104.6180119
9/10/17,104.6180119
9/11/17,104.6180119
9/12/17,104.6180119
9/13/17,104.6180119
9/14/17,104.6180119
9/15/17,104.6180119
9/16/17,104.6180119
9/17/17,104.6180119
9/18/17,104.8272302
9/19/17,104.8272302
9/20/17,104.8272302
9/21/17,104.8272302
9/22/17,104.8272302
9/23/17,104.8272302
9/24/17,104.8272302
9/25/17,104.8272302
9/26/17,104.8272302
9/27/17,104.9605033
9/28/17,104.9605033
9/29/17,104.9605033
9/30/17,104.9605033
10/1/17,104.9605033
10/2/17,104.9605033
10/3/17,104.9605033
10/4/17,104.9605033
10/5/17,104.9605033
10/6/17,104.9605033
10/7/17,104.9605033
10/8/17,104.9605033
10/9/17,104.9605033
10/10/17,104.9605033
10/11/17,104.9605033
10/12/17,104.9605033
10/13/17,104.9605033
10/14/17,104.9605033
10/15/17,104.9605033
10/16/17,104.9605033
10/17/17,104.9605033
10/18/17,104.9605033
10/19/17,104.9605033
10/20/17,104.9605033
10/21/17,104.9605033
10/22/17,104.9605033
10/23/17,104.9605033
10/24/17,104.9605033
10/25/17,104.9674474
10/26/17,105.9159978
10/27/17,105.9483171
10/28/17,105.9483171
10/29/17,105.9483171
10/30/17,105.9483171
10/31/17,105.9405421
11/1/17,105.9013137
11/2/17,106.0223397
11/3/17,106.1264767
11/4/17,106.1264767
11/5/17,106.1264767
11/6/17,106.2520367
11/7/17,106.2735946
11/8/17,106.2922882
11/9/17,106.2975561
11/10/17,106.2975561
11/11/17,106.2975561
11/12/17,106.2975561
11/13/17,106.2975561
11/14/17,106.2975561
11/15/17,106.2975561
11/16/17,106.2975561
11/17/17,106.2975561
11/18/17,106.2975561
11/19/17,106.2975561
11/20/17,106.3357243
11/21/17,106.3736805
11/22/17,106.5627777
11/23/17,106.5627777
11/24/17,106.5627777
11/25/17,106.5627777
11/26/17,106.5627777
11/27/17,106.5627777
11/28/17,106.5627777
11/29/17,106.5627777
11/30/17,106.6129148
12/1/17,106.6129148
12/2/17,106.6129148
12/3/17,106.6129148
12/4/17,106.6129148
12/5/17,106.6219975
12/6/17,106.6516358
12/7/17,106.6516358
12/8/17,106.6516358
12/9/17,106.6516358
12/10/17,106.6516358
12/11/17,106.6516358
12/12/17,106.6516358
12/13/17,106.6516358
12/14/17,106.6516358
12/15/17,106.6516358
12/16/17,106.6516358
12/17/17,106.6516358
12/18/17,106.859087
12/19/17,106.859087
12/20/17,106.859087
12/21/17,106.859087
12/22/17,106.859087
12/23/17,106.859087
12/24/17,106.859087
12/25/17,106.859087
12/26/17,106.859087
12/27/17,106.859087
12/28/17,106.859087
12/29/17,106.859087
12/30/17,106.859087
12/31/17,106.859087
1/1/18,106.859087
1/2/18,106.859087
1/3/18,106.859087
1/4/18,106.859087
1/5/18,106.859087
1/6/18,106.859087
1/7/18,106.859087
1/8/18,106.859087
1/9/18,106.859087
1/10/18,106.859087
1/11/18,106.859087
1/12/18,106.859087
1/13/18,106.859087
1/14/18,106.859087
1/15/18,106.859087
1/16/18,106.859087
1/17/18,106.859087
1/18/18,106.859087
1/19/18,106.859087
1/20/18,106.859087
1/21/18,106.859087
1/22/18,106.9998061
1/23/18,106.9998061
1/24/18,106.9998061
1/25/18,106.9998061
1/26/18,106.9998061
1/27/18,106.9998061
1/28/18,106.9998061
1/29/18,106.9998061
1/30/18,106.9998061
1/31/18,108.1602946
2/1/18,108.1602946
2/2/18,108.2196673
2/3/18,108.2196673
2/4/18,108.2196673
2/5/18,108.2196673
2/6/18,108.2235548
2/7/18,108.2235548
2/8/18,108.2768383
2/9/18,108.2768383
2/10/18,108.2768383
2/11/18,108.2768383
2/12/18,108.2966172
2/13/18,108.2966172
2/14/18,108.2966172
2/15/18,108.2966172
2/16/18,108.0708198
2/17/18,108.0708198
2/18/18,108.0708198
2/19/18,108.0708198
2/20/18,108.10508
2/21/18,108.1137633
2/22/18,108.1362783
2/23/18,108.2251476
2/24/18,108.2251476
2/25/18,108.2251476
2/26/18,108.259006
2/27/18,108.5844252
2/28/18,108.6544515
3/1/18,108.6544515
3/2/18,108.6544515
3/3/18,108.6544515
3/4/18,108.6544515
3/5/18,108.6544515
3/6/18,108.6544515
3/7/18,108.6544515
3/8/18,108.6544515
3/9/18,108.8513058
3/10/18,108.8513058
3/11/18,108.8513058
3/12/18,108.8513058
3/13/18,108.8513058
3/14/18,108.9035852
3/15/18,108.9035852
3/16/18,108.9035852
3/17/18,108.9035852
3/18/18,108.9035852
3/19/18,108.9035852
3/20/18,108.9035852
3/21/18,109.1032615
3/22/18,109.1297671
3/23/18,109.1297671
3/24/18,109.1297671
3/25/18,109.1297671
3/26/18,109.1297671
3/27/18,109.1297671
3/28/18,109.270177
3/29/18,109.270177
3/30/18,109.3102048
3/31/18,109.3102048
4/1/18,109.3102048
4/2/18,109.3102048
4/3/18,109.3102048
4/4/18,109.3102048
4/5/18,109.3102048
4/6/18,109.3102048
4/7/18,109.3102048
4/8/18,109.3102048
4/9/18,109.3102048
4/10/18,109.3102048
4/11/18,109.3102048
4/12/18,109.3102048
4/13/18,109.3102048
4/14/18,109.3102048
4/15/18,109.3102048
4/16/18,109.3102048
4/17/18,109.3102048
4/18/18,109.3102048
4/19/18,109.3102048
4/20/18,109.3102048
4/21/18,109.3102048
4/22/18,109.3102048
4/23/18,109.3102048
4/24/18,109.6339277
4/25/18,109.6648747
4/26/18,110.9396218
4/27/18,110.9396218
4/28/18,110.9396218
4/29/18,110.9396218
4/30/18,110.9396218
5/1/18,110.9673998
5/2/18,110.9384202
5/3/18,111.0447409
5/4/18,111.115714
5/5/18,111.115714
5/6/18,111.115714
5/7/18,111.12664
5/8/18,111.2262487
5/9/18,111.2590271
5/10/18,111.2716349
5/11/18,111.2716349
5/12/18,111.2716349
5/13/18,111.2716349
5/14/18,111.2716349
5/15/18,111.2716349
5/16/18,111.2716349
5/17/18,111.2287727
5/18/18,111.2287727
5/19/18,111.2287727
5/20/18,111.2287727
5/21/18,111.2287727
5/22/18,111.3644819
5/23/18,111.3839194
5/24/18,111.3839194
5/25/18,111.3839194
5/26/18,111.3839194
5/27/18,111.3839194
5/28/18,111.3839194
5/29/18,111.3839194
5/30/18,111.3839194
5/31/18,111.5991456
6/1/18,111.6481925
6/2/18,111.6481925
6/3/18,111.6481925
6/4/18,111.6481925
6/5/18,111.6960087
6/6/18,111.6960087
6/7/18,111.6960087
6/8/18,111.7522259
6/9/18,111.7522259
6/10/18,111.7522259
6/11/18,111.7522259
6/12/18,111.7522259
6/13/18,111.7522259
6/14/18,111.7522259
6/15/18,111.7522259
6/16/18,111.7522259
6/17/18,111.7522259
6/18/18,111.7522259
6/19/18,111.7522259
6/20/18,111.7522259
6/21/18,111.7522259
6/22/18,111.8790998
6/23/18,111.8790998
6/24/18,111.8790998
6/25/18,111.8790998
6/26/18,111.8790998
6/27/18,112.028652
6/28/18,112.028652
6/29/18,112.028652
6/30/18,112.028652
7/1/18,112.028652
7/2/18,112.028652
7/3/18,112.028652
7/4/18,112.028652
7/5/18,112.028652
7/6/18,112.028652
7/7/18,112.028652
7/8/18,112.028652
7/9/18,112.028652
7/10/18,112.028652
7/11/18,112.028652
7/12/18,112.028652
7/13/18,112.028652
7/14/18,112.028652
7/15/18,112.028652
7/16/18,112.028652
7/17/18,112.028652
7/18/18,112.028652
7/19/18,112.028652
7/20/18,112.028652
7/21/18,112.028652
7/22/18,112.028652
7/23/18,112.0425728
7/24/18,112.0425728
7/25/18,112.0637296
7/26/18,112.0637296
7/27/18,112.0637296
7/28/18,112.0637296
7/29/18,112.0637296
7/30/18,112.0637296
7/31/18,112.2906537
8/1/18,112.3003007
8/2/18,112.3366015
8/3/18,116.3098381
8/4/18,116.3098381
8/5/18,116.3098381
8/6/18,116.3660301
8/7/18,116.3994234
8/8/18,116.3537623
8/9/18,116.5250844
8/10/18,116.5250844
8/11/18,116.5250844
8/12/18,116.5250844
8/13/18,116.5250844
8/14/18,116.5250844
8/15/18,116.5250844
8/16/18,116.5250844
8/17/18,116.5250844
8/18/18,116.5250844
8/19/18,116.5250844
8/20/18,116.5250844
8/21/18,116.5250844
8/22/18,116.5250844
8/23/18,116.5250844
8/24/18,116.5369099
8/25/18,116.5369099
8/26/18,116.5369099
8/27/18,116.5369099
8/28/18,116.5369099
8/29/18,116.5369099
8/30/18,116.5757495
8/31/18,116.8761474
9/1/18,116.8761474
9/2/18,116.8761474
9/3/18,116.8761474
9/4/18,116.8761474
9/5/18,116.9660826
9/6/18,116.9660826
9/7/18,116.9660826
9/8/18,116.9660826
9/9/18,116.9660826
9/10/18,116.9660826
9/11/18,116.9660826
9/12/18,116.9660826
9/13/18,117.0187406
9/14/18,117.0187406
9/15/18,117.0187406
9/16/18,117.0187406
9/17/18,117.0187406
9/18/18,117.0187406
9/19/18,117.050194
9/20/18,117.050194
9/21/18,117.050194
9/22/18,117.050194
9/23/18,117.050194
9/24/18,117.050194
9/25/18,117.050194
9/26/18,117.2092289
9/27/18,117.2092289
9/28/18,117.2092289
9/29/18,117.2092289
9/30/18,117.2092289
10/1/18,117.2092289
10/2/18,117.2092289
10/3/18,117.2092289
10/4/18,117.2092289
10/5/18,117.2092289
10/6/18,117.2092289
10/7/18,117.2092289
10/8/18,117.2092289
10/9/18,117.2092289
10/10/18,117.2092289
10/11/18,117.2092289
10/12/18,117.2092289
10/13/18,117.2092289
10/14/18,117.2092289
10/15/18,117.2092289
10/16/18,117.2092289
10/17/18,117.2092289
10/18/18,117.2092289
10/19/18,117.2092289
10/20/18,117.2092289
10/21/18,117.2092289
10/22/18,117.2258639
10/23/18,117.2258639
10/24/18,118.8529572
10/25/18,118.8529572
10/26/18,118.9091726
10/27/18,118.9091726
10/28/18,118.9091726
10/29/18,118.9091726
10/30/18,118.7814505
10/31/18,118.7983544
11/1/18,118.7983544
11/2/18,118.8110195
11/3/18,118.8110195
11/4/18,118.8110195
11/5/18,118.8818254
11/6/18,119.0143539
11/7/18,119.3092827
11/8/18,119.3051114
11/9/18,119.3051114
11/10/18,119.3051114
11/11/18,119.3051114
11/12/18,119.3051114
11/13/18,119.3051114
11/14/18,119.3051114
11/15/18,119.3051114
11/16/18,119.275425
11/17/18,119.275425
11/18/18,119.275425
11/19/18,119.275425
11/20/18,119.3128864
11/21/18,119.3128864
11/22/18,119.3128864
11/23/18,119.3128864
11/24/18,119.3128864
11/25/18,119.3128864
11/26/18,119.3128864
11/27/18,119.3128864
11/28/18,119.5570922
11/29/18,119.5570922
11/30/18,119.6115879
12/1/18,119.6115879
12/2/18,119.6115879
12/3/18,119.6779582
12/4/18,119.6779582
12/5/18,119.6779582
12/6/18,119.7294145
12/7/18,119.7783596
12/8/18,119.7783596
12/9/18,119.7783596
12/10/18,119.7783596
12/11/18,119.7783596
12/12/18,119.7783596
12/13/18,119.7783596
12/14/18,119.7783596
12/15/18,119.7783596
12/16/18,119.7783596
12/17/18,119.7783596
12/18/18,119.7783596
12/19/18,119.7688176
12/20/18,119.7688176
12/21/18,119.7688176
12/22/18,119.7688176
12/23/18,119.7688176
12/24/18,119.7688176
12/25/18,119.7688176
12/26/18,119.7688176
12/27/18,119.7688176
12/28/18,119.7688176
12/29/18,119.7688176
12/30/18,119.7688176
12/31/18,119.7688176
1/1/19,119.7688176
1/2/19,119.7688176
1/3/19,119.7688176
1/4/19,119.7688176
1/5/19,119.7688176
1/6/19,119.7688176
1/7/19,119.7688176
1/8/19,119.7688176
1/9/19,119.7688176
1/10/19,119.7688176
1/11/19,119.7688176
1/12/19,119.7688176
1/13/19,119.7688176
1/14/19,119.7688176
1/15/19,119.7688176
1/16/19,119.7688176
1/17/19,119.7688176
1/18/19,119.7688176
1/19/19,119.7688176
1/20/19,119.7688176
1/21/19,119.7688176
1/22/19,119.7688176
1/23/19,119.7688176
1/24/19,119.7688176
1/25/19,119.9306896
1/26/19,119.9306896
1/27/19,119.9306896
1/28/19,119.9306896
1/29/19,119.9306896
1/30/19,121.1863526
1/31/19,121.1866445
2/1/19,121.1866445
2/2/19,121.1866445
2/3/19,121.1866445
2/4/19,121.1873513
2/5/19,121.1873513
2/6/19,121.5043234
2/7/19,121.4936031
2/8/19,121.5119376
2/9/19,121.5119376
2/10/19,121.5119376
2/11/19,121.5119376
2/12/19,121.5119376
2/13/19,121.5119376
2/14/19,121.5119376
2/15/19,121.520424
2/16/19,121.520424
2/17/19,121.520424
2/18/19,121.520424
2/19/19,121.5358326
2/20/19,121.5444972
2/21/19,121.3840494
2/22/19,121.451165
2/23/19,121.451165
2/24/19,121.451165
2/25/19,121.5040806
2/26/19,121.228068
2/27/19,121.3962604
2/28/19,121.5774448
3/1/19,121.8151496
3/2/19,121.8151496
3/3/19,121.8151496
3/4/19,121.8151496
3/5/19,121.8151496
3/6/19,121.8151496
3/7/19,121.8151496
3/8/19,122.097166
3/9/19,122.097166
3/10/19,122.097166
3/11/19,122.097166
3/12/19,122.097166
3/13/19,122.097166
3/14/19,122.097166
3/15/19,122.097166
3/16/19,122.097166
3/17/19,122.097166
3/18/19,122.1481092
3/19/19,122.1481092
3/20/19,122.1481092
3/21/19,122.1481092
3/22/19,122.1481092
3/23/19,122.1481092
3/24/19,122.1481092
3/25/19,122.2129598
3/26/19,122.2129598
3/27/19,122.4683959
3/28/19,122.4683959
3/29/19,122.4683959
3/30/19,122.4683959
3/31/19,122.4683959
4/1/19,122.4683959
4/2/19,122.4683959
4/3/19,122.4683959
4/4/19,122.4683959
4/5/19,122.4683959
4/6/19,122.4683959
4/7/19,122.4683959
4/8/19,122.4683959
4/9/19,122.4683959
4/10/19,122.4683959
4/11/19,122.4683959
4/12/19,122.4683959
4/13/19,122.4683959
4/14/19,122.4683959
4/15/19,122.4683959
4/16/19,122.4683959
4/17/19,122.4683959
4/18/19,122.4683959
4/19/19,122.4683959
4/20/19,122.4683959
4/21/19,122.4683959
4/22/19,122.4893986
4/23/19,122.5513067
4/24/19,123.8966322
4/25/19,123.8966322
4/26/19,123.9309185
4/27/19,123.9309185
4/28/19,123.9309185
4/29/19,123.9309185
4/30/19,123.6286829
5/1/19,123.6404398
5/2/19,123.6030692
5/3/19,123.7106714
5/4/19,123.7106714
5/5/19,123.7106714
5/6/19,123.7106714
5/7/19,123.7647077
5/8/19,124.0526627
5/9/19,124.0548948
5/10/19,124.0626525
5/11/19,124.0626525
5/12/19,124.0626525
5/13/19,124.0626525
5/14/19,124.0940116
5/15/19,124.0940116
5/16/19,124.0940116
5/17/19,124.0940116
5/18/19,124.0940116
5/19/19,124.0940116
5/20/19,124.0940116
5/21/19,124.0940116
5/22/19,124.0940116
5/23/19,124.2212389
5/24/19,124.0922445
5/25/19,124.0922445
5/26/19,124.0922445
5/27/19,124.0922445
5/28/19,124.0922445
5/29/19,124.0922445
5/30/19,124.2213492
5/31/19,124.2213492
6/1/19,124.2213492
6/2/19,124.2213492
6/3/19,124.2213492
6/4/19,124.2834078
6/5/19,124.54175
6/6/19,124.5817598
6/7/19,124.5817598
6/8/19,124.5817598
6/9/19,124.5817598
6/10/19,124.5817598
6/11/19,124.5817598
6/12/19,124.5817598
6/13/19,124.5817598
6/14/19,124.5817598
6/15/19,124.5817598
6/16/19,124.5817598
6/17/19,124.5817598
6/18/19,124.5817598
6/19/19,124.5817598
6/20/19,124.5817598
6/21/19,124.4669018
6/22/19,124.4669018
6/23/19,124.4669018
6/24/19,124.4669018
6/25/19,124.4669018
6/26/19,124.6608952
6/27/19,124.6608952
6/28/19,124.6608952
6/29/19,124.6608952
6/30/19,124.6608952
7/1/19,124.6608952
7/2/19,124.6608952
7/3/19,124.6608952
7/4/19,124.6608952
7/5/19,124.6608952
7/6/19,124.6608952
7/7/19,124.6608952
7/8/19,124.6608952
7/9/19,124.6608952
7/10/19,124.6608952
7/11/19,124.6608952
7/12/19,124.6608952
7/13/19,124.6608952
7/14/19,124.6608952
7/15/19,124.6608952
7/16/19,124.6608952
7/17/19,124.6608952
7/18/19,124.6608952
7/19/19,124.6608952
7/20/19,124.6608952
7/21/19,124.6608952
7/22/19,124.6828164
7/23/19,124.6828164
7/24/19,124.6993355
7/25/19,124.7217183
7/26/19,124.7217183
7/27/19,124.7217183
7/28/19,124.7217183
7/29/19,124.7217183
7/30/19,124.4419242
7/31/19,124.4419242
8/1/19,125.7593854
8/2/19,125.7861258
8/3/19,125.7861258
8/4/19,125.7861258
8/5/19,125.7861258
8/6/19,125.9250789
8/7/19,126.0142087
8/8/19,125.9269166
8/9/19,125.9590769
8/10/19,125.9590769
8/11/19,125.9590769
8/12/19,125.9590769
8/13/19,125.9590769
8/14/19,125.9590769
8/15/19,125.9590769
8/16/19,125.9590769
8/17/19,125.9590769
8/18/19,125.9590769
8/19/19,125.9590769
8/20/19,125.9590769
8/21/19,125.9590769
8/22/19,125.9590769
8/23/19,126.2121179
8/24/19,126.2121179
8/25/19,126.2121179
8/26/19,126.194252
8/27/19,126.194252
8/28/19,126.194252
8/29/19,126.194252
8/30/19,126.3381008
8/31/19,126.3381008
9/1/19,126.3381008
9/2/19,126.3381008
9/3/19,126.3381008
9/4/19,126.4035169
9/5/19,126.4488434
9/6/19,126.4488434
9/7/19,126.4488434
9/8/19,126.4488434
9/9/19,126.5010773
9/10/19,126.5010773
9/11/19,126.5010773
9/12/19,126.5010773
9/13/19,126.5099125
9/14/19,126.5099125
9/15/19,126.5099125
9/16/19,126.5099125
9/17/19,126.5099125
9/18/19,126.5099125
9/19/19,126.5099125
9/20/19,126.5099125
9/21/19,126.5099125
9/22/19,126.5099125
9/23/19,126.5099125
9/24/19,126.5099125
9/25/19,126.5099125
9/26/19,126.7018314
9/27/19,126.7018314
9/28/19,126.7018314
9/29/19,126.7018314
9/30/19,126.7018314
10/1/19,126.7018314