Date,Index Level
2014-10-01,100
2014-10-02,100.0055861
2014-10-03,100.0055861
2014-10-04,100.0055861
2014-10-05,100.0055861
2014-10-06,100.0055861
2014-10-07,100.0055861
2014-10-08,100.0055861
2014-10-09,100.0232205
2014-10-10,100.0313042
2014-10-11,100.0313042
2014-10-12,100.0313042
2014-10-13,100.0313042
2014-10-14,100.0313341
2014-10-15,100.0311326
2014-10-16,100.0318877
2014-10-17,100.0318877
2014-10-18,100.0318877
2014-10-19,100.0318877
2014-10-20,100.0318877
2014-10-21,100.0318877
2014-10-22,100.0400854
2014-10-23,100.0260993
2014-10-24,100.0271751
2014-10-25,100.0271751
2014-10-26,100.0271751
2014-10-27,100.0271751
2014-10-28,99.99081811
2014-10-29,99.98973862
2014-10-30,100.0476147
2014-10-31,100.1157346
2014-11-01,100.1157346
2014-11-02,100.1157346
2014-11-03,100.1418379
2014-11-04,100.2028411
2014-11-05,100.4043568
2014-11-06,100.5690287
2014-11-07,100.9004258
2014-11-08,100.9004258
2014-11-09,100.9004258
2014-11-10,101.1380826
2014-11-11,101.1380826
2014-11-12,101.1838379
2014-11-13,101.1683685
2014-11-14,101.1705368
2014-11-15,101.1705368
2014-11-16,101.1705368
2014-11-17,101.1547096
2014-11-18,101.1547096
2014-11-19,101.1547096
2014-11-20,101.1547096
2014-11-21,101.1229618
2014-11-22,101.1229618
2014-11-23,101.1229618
2014-11-24,101.1229618
2014-11-25,101.2926867
2014-11-26,101.2894064
2014-11-27,101.2894064
2014-11-28,101.2894064
2014-11-29,101.2894064
2014-11-30,101.2894064
2014-12-01,101.2894064
2014-12-02,101.2894064
2014-12-03,101.2894064
2014-12-04,101.2894064
2014-12-05,101.294921
2014-12-06,101.294921
2014-12-07,101.294921
2014-12-08,101.3105766
2014-12-09,101.303764
2014-12-10,101.2856749
2014-12-11,101.4629613
2014-12-12,101.4809073
2014-12-13,101.4809073
2014-12-14,101.4809073
2014-12-15,101.4847364
2014-12-16,101.4847364
2014-12-17,101.4847364
2014-12-18,101.4847364
2014-12-19,101.4847364
2014-12-20,101.4847364
2014-12-21,101.4847364
2014-12-22,101.4847364
2014-12-23,101.4847364
2014-12-24,101.4847364
2014-12-25,101.4847364
2014-12-26,101.4847364
2014-12-27,101.4847364
2014-12-28,101.4847364
2014-12-29,101.4847364
2014-12-30,101.4847364
2014-12-31,101.4847364
2015-01-01,101.4847364
2015-01-02,101.4847364
2015-01-03,101.4847364
2015-01-04,101.4847364
2015-01-05,101.4847364
2015-01-06,101.4847364
2015-01-07,101.4847364
2015-01-08,101.4167414
2015-01-09,101.4245019
2015-01-10,101.4245019
2015-01-11,101.4245019
2015-01-12,101.4245019
2015-01-13,101.4678497
2015-01-14,101.4678497
2015-01-15,101.4678497
2015-01-16,101.4678497
2015-01-17,101.4678497
2015-01-18,101.4678497
2015-01-19,101.4678497
2015-01-20,101.4678497
2015-01-21,101.4678497
2015-01-22,101.4759557
2015-01-23,101.4759557
2015-01-24,101.4759557
2015-01-25,101.4759557
2015-01-26,101.4759557
2015-01-27,101.4759557
2015-01-28,101.4762831
2015-01-29,101.4938793
2015-01-30,101.4938793
2015-01-31,101.4938793
2015-02-01,101.4938793
2015-02-02,101.4789392
2015-02-03,101.7320707
2015-02-04,101.7363141
2015-02-05,101.6774398
2015-02-06,101.6884091
2015-02-07,101.6884091
2015-02-08,101.6884091
2015-02-09,101.4440877
2015-02-10,101.4429592
2015-02-11,101.4429592
2015-02-12,101.4581201
2015-02-13,101.4547875
2015-02-14,101.4547875
2015-02-15,101.4547875
2015-02-16,101.4547875
2015-02-17,101.5139209
2015-02-18,101.5139209
2015-02-19,101.5278751
2015-02-20,101.5457376
2015-02-21,101.5457376
2015-02-22,101.5457376
2015-02-23,101.5585646
2015-02-24,101.6217084
2015-02-25,101.9410736
2015-02-26,101.8773256
2015-02-27,101.8942768
2015-02-28,101.8942768
2015-03-01,101.8942768
2015-03-02,101.9973682
2015-03-03,101.9989278
2015-03-04,101.9783306
2015-03-05,101.9864178
2015-03-06,102.1430041
2015-03-07,102.1430041
2015-03-08,102.1430041
2015-03-09,102.1437444
2015-03-10,102.1472703
2015-03-11,102.2032213
2015-03-12,102.1768215
2015-03-13,101.9608
2015-03-14,101.9608
2015-03-15,101.9608
2015-03-16,101.8091636
2015-03-17,101.8154184
2015-03-18,101.7868569
2015-03-19,101.7881376
2015-03-20,101.7896138
2015-03-21,101.7896138
2015-03-22,101.7896138
2015-03-23,101.8667931
2015-03-24,101.8667931
2015-03-25,101.8755595
2015-03-26,101.8790847
2015-03-27,102.1465291
2015-03-28,102.1465291
2015-03-29,102.1465291
2015-03-30,102.2751416
2015-03-31,102.2858063
2015-04-01,102.2947904
2015-04-02,102.2947904
2015-04-03,102.2903642
2015-04-04,102.2903642
2015-04-05,102.2903642
2015-04-06,102.2903642
2015-04-07,102.2903642
2015-04-08,102.2933239
2015-04-09,102.3026012
2015-04-10,102.3030094
2015-04-11,102.3030094
2015-04-12,102.3030094
2015-04-13,102.3030094
2015-04-14,102.3037489
2015-04-15,102.3208179
2015-04-16,102.3182835
2015-04-17,102.3233808
2015-04-18,102.3233808
2015-04-19,102.3233808
2015-04-20,102.3233808
2015-04-21,102.3273427
2015-04-22,102.3310417
2015-04-23,102.4162372
2015-04-24,102.4136625
2015-04-25,102.4136625
2015-04-26,102.4136625
2015-04-27,102.4136625
2015-04-28,102.4195587
2015-04-29,102.3101775
2015-04-30,102.2134065
2015-05-01,102.1819311
2015-05-02,102.1819311
2015-05-03,102.1819311
2015-05-04,102.1657547
2015-05-05,102.3751999
2015-05-06,102.3800568
2015-05-07,101.9665963
2015-05-08,101.6084896
2015-05-09,101.6084896
2015-05-10,101.6084896
2015-05-11,101.3963214
2015-05-12,101.3962615
2015-05-13,101.3915163
2015-05-14,101.3857789
2015-05-15,101.38719
2015-05-16,101.38719
2015-05-17,101.38719
2015-05-18,101.3984672
2015-05-19,101.3984672
2015-05-20,101.3984672
2015-05-21,101.3984672
2015-05-22,101.3984672
2015-05-23,101.3984672
2015-05-24,101.3984672
2015-05-25,101.3984672
2015-05-26,101.3984672
2015-05-27,101.3984672
2015-05-28,101.4046151
2015-05-29,101.4109967
2015-05-30,101.4109967
2015-05-31,101.4109967
2015-06-01,101.4109967
2015-06-02,101.4108532
2015-06-03,101.4108532
2015-06-04,101.4497905
2015-06-05,101.4975385
2015-06-06,101.4975385
2015-06-07,101.4975385
2015-06-08,101.5398905
2015-06-09,101.5486083
2015-06-10,101.5530513
2015-06-11,101.7314613
2015-06-12,101.7311192
2015-06-13,101.7311192
2015-06-14,101.7311192
2015-06-15,101.7361407
2015-06-16,101.7386954
2015-06-17,101.7386954
2015-06-18,101.7389888
2015-06-19,101.7389888
2015-06-20,101.7389888
2015-06-21,101.7389888
2015-06-22,101.7389888
2015-06-23,101.7389888
2015-06-24,101.7389888
2015-06-25,101.740337
2015-06-26,101.740337
2015-06-27,101.740337
2015-06-28,101.740337
2015-06-29,101.740337
2015-06-30,101.740337
2015-07-01,101.7549399
2015-07-02,101.7549399
2015-07-03,101.7549399
2015-07-04,101.7549399
2015-07-05,101.7549399
2015-07-06,101.7549399
2015-07-07,101.7549399
2015-07-08,101.7522333
2015-07-09,101.7522333
2015-07-10,101.7525245
2015-07-11,101.7525245
2015-07-12,101.7525245
2015-07-13,101.7525245
2015-07-14,101.7525245
2015-07-15,101.7525245
2015-07-16,101.7525245
2015-07-17,101.7558641
2015-07-18,101.7558641
2015-07-19,101.7558641
2015-07-20,101.7558641
2015-07-21,101.7558641
2015-07-22,101.7553336
2015-07-23,101.7584326
2015-07-24,101.7584326
2015-07-25,101.7584326
2015-07-26,101.7584326
2015-07-27,101.7584326
2015-07-28,101.7828309
2015-07-29,101.5768579
2015-07-30,101.5427169
2015-07-31,101.4376646
2015-08-01,101.4376646
2015-08-02,101.4376646
2015-08-03,101.4282084
2015-08-04,101.3542985
2015-08-05,101.4721325
2015-08-06,100.9080218
2015-08-07,100.3568225
2015-08-08,100.3568225
2015-08-09,100.3568225
2015-08-10,100.2494439
2015-08-11,100.2478508
2015-08-12,100.2578857
2015-08-13,100.2671681
2015-08-14,100.2706394
2015-08-15,100.2706394
2015-08-16,100.2706394
2015-08-17,100.2706394
2015-08-18,100.2706394
2015-08-19,100.2706394
2015-08-20,100.2714538
2015-08-21,100.3006971
2015-08-22,100.3006971
2015-08-23,100.3006971
2015-08-24,100.3006971
2015-08-25,100.3006971
2015-08-26,100.3006971
2015-08-27,100.3062255
2015-08-28,100.3904087
2015-08-29,100.3904087
2015-08-30,100.3904087
2015-08-31,100.3982698
2015-09-01,100.3908042
2015-09-02,100.3975001
2015-09-03,100.4350704
2015-09-04,100.4289786
2015-09-05,100.4289786
2015-09-06,100.4289786
2015-09-07,100.4289786
2015-09-08,100.4801416
2015-09-09,100.5655804
2015-09-10,100.569317
2015-09-11,100.5753246
2015-09-12,100.5753246
2015-09-13,100.5753246
2015-09-14,100.5714079
2015-09-15,100.6123004
2015-09-16,100.6123004
2015-09-17,100.6123004
2015-09-18,100.6123004
2015-09-19,100.6123004
2015-09-20,100.6123004
2015-09-21,100.6123004
2015-09-22,100.6123004
2015-09-23,100.6123004
2015-09-24,100.6123004
2015-09-25,100.6123004
2015-09-26,100.6123004
2015-09-27,100.6123004
2015-09-28,100.6123004
2015-09-29,100.6792375
2015-09-30,100.6792375
2015-10-01,100.6971945
2015-10-02,100.6971945
2015-10-03,100.6971945
2015-10-04,100.6971945
2015-10-05,100.6971945
2015-10-06,100.6971945
2015-10-07,100.6987485
2015-10-08,100.7003978
2015-10-09,100.7000321
2015-10-10,100.7000321
2015-10-11,100.7000321
2015-10-12,100.7000321
2015-10-13,100.7035392
2015-10-14,100.6618867
2015-10-15,100.6618867
2015-10-16,100.6618867
2015-10-17,100.6618867
2015-10-18,100.6618867
2015-10-19,100.6618867
2015-10-20,100.6618867
2015-10-21,100.6743084
2015-10-22,100.6773476
2015-10-23,100.6773476
2015-10-24,100.6773476
2015-10-25,100.6773476
2015-10-26,100.6773476
2015-10-27,100.7094833
2015-10-28,100.6111186
2015-10-29,100.5787568
2015-10-30,100.4199476
2015-10-31,100.4199476
2015-11-01,100.4199476
2015-11-02,100.419164
2015-11-03,100.3035598
2015-11-04,100.1537342
2015-11-05,99.888541
2015-11-06,99.03509955
2015-11-07,99.03509955
2015-11-08,99.03509955
2015-11-09,98.52548939
2015-11-10,98.52375757
2015-11-11,98.52375757
2015-11-12,98.51969897
2015-11-13,98.53430697
2015-11-14,98.53430697
2015-11-15,98.53430697
2015-11-16,98.61969776
2015-11-17,98.61969776
2015-11-18,98.61969776
2015-11-19,98.61255207
2015-11-20,98.6167135
2015-11-21,98.6167135
2015-11-22,98.6167135
2015-11-23,98.58950884
2015-11-24,98.46178057
2015-11-25,98.46278857
2015-11-26,98.46278857
2015-11-27,98.46278857
2015-11-28,98.46278857
2015-11-29,98.46278857
2015-11-30,98.46278857
2015-12-01,98.46278857
2015-12-02,98.46278857
2015-12-03,98.46278857
2015-12-04,98.46400606
2015-12-05,98.46400606
2015-12-06,98.46400606
2015-12-07,98.46556564
2015-12-08,98.47361703
2015-12-09,98.60856122
2015-12-10,98.53922761
2015-12-11,98.54004599
2015-12-12,98.54004599
2015-12-13,98.54004599
2015-12-14,98.46369271
2015-12-15,98.46737646
2015-12-16,98.46737646
2015-12-17,98.46737646
2015-12-18,98.46737646
2015-12-19,98.46737646
2015-12-20,98.46737646
2015-12-21,98.46737646
2015-12-22,98.46737646
2015-12-23,98.46737646
2015-12-24,98.46737646
2015-12-25,98.46737646
2015-12-26,98.46737646
2015-12-27,98.46737646
2015-12-28,98.46737646
2015-12-29,98.46737646
2015-12-30,98.46737646
2015-12-31,98.46737646
2016-01-01,98.46737646
2016-01-02,98.46737646
2016-01-03,98.46737646
2016-01-04,98.46737646
2016-01-05,98.46737646
2016-01-06,98.46703185
2016-01-07,98.47159586
2016-01-08,98.47400858
2016-01-09,98.47400858
2016-01-10,98.47400858
2016-01-11,98.47387671
2016-01-12,98.47387671
2016-01-13,98.47387671
2016-01-14,98.49644096
2016-01-15,98.49644096
2016-01-16,98.49644096
2016-01-17,98.49644096
2016-01-18,98.49644096
2016-01-19,98.49644096
2016-01-20,98.49644096
2016-01-21,98.51092772
2016-01-22,98.51092772
2016-01-23,98.51092772
2016-01-24,98.51092772
2016-01-25,98.51092772
2016-01-26,98.51092772
2016-01-27,98.51092772
2016-01-28,98.5261543
2016-01-29,98.5261543
2016-01-30,98.5261543
2016-01-31,98.5261543
2016-02-01,98.53363373
2016-02-02,98.58603222
2016-02-03,98.56784301
2016-02-04,98.56335896
2016-02-05,98.5154466
2016-02-06,98.5154466
2016-02-07,98.5154466
2016-02-08,98.50724018
2016-02-09,98.52549149
2016-02-10,98.53033848
2016-02-11,98.54044341
2016-02-12,98.54044341
2016-02-13,98.54044341
2016-02-14,98.54044341
2016-02-15,98.54044341
2016-02-16,98.61067167
2016-02-17,98.60881936
2016-02-18,98.55870878
2016-02-19,98.55870878
2016-02-20,98.55870878
2016-02-21,98.55870878
2016-02-22,98.27138623
2016-02-23,98.29600295
2016-02-24,98.30456638
2016-02-25,97.92979064
2016-02-26,97.9625349
2016-02-27,97.9625349
2016-02-28,97.9625349
2016-02-29,97.29121749
2016-03-01,97.29708868
2016-03-02,97.31669987
2016-03-03,97.2929254
2016-03-04,97.2047477
2016-03-05,97.2047477
2016-03-06,97.2047477
2016-03-07,97.13197249
2016-03-08,97.11352591
2016-03-09,97.0706656
2016-03-10,97.07145502
2016-03-11,96.97671291
2016-03-12,96.97671291
2016-03-13,96.97671291
2016-03-14,99.52593963
2016-03-15,99.5532493
2016-03-16,99.62486613
2016-03-17,99.63345828
2016-03-18,99.63715176
2016-03-19,99.63715176
2016-03-20,99.63715176
2016-03-21,99.63715176
2016-03-22,99.63745283
2016-03-23,99.65340583
2016-03-24,99.65351142
2016-03-25,99.58210526
2016-03-26,99.58210526
2016-03-27,99.58210526
2016-03-28,99.58654203
2016-03-29,99.60705573
2016-03-30,99.45614736
2016-03-31,99.46592757
2016-04-01,99.46592757
2016-04-02,99.46592757
2016-04-03,99.46592757
2016-04-04,99.46592757
2016-04-05,99.46592757
2016-04-06,99.46575793
2016-04-07,99.46424216
2016-04-08,99.45747541
2016-04-09,99.45747541
2016-04-10,99.45747541
2016-04-11,99.45815419
2016-04-12,99.45815419
2016-04-13,99.45462202
2016-04-14,99.44639655
2016-04-15,99.44417921
2016-04-16,99.44417921
2016-04-17,99.44417921
2016-04-18,99.44417921
2016-04-19,99.44417921
2016-04-20,99.44417921
2016-04-21,99.44417921
2016-04-22,99.44617544
2016-04-23,99.44617544
2016-04-24,99.44617544
2016-04-25,99.44617544
2016-04-26,99.45041127
2016-04-27,99.47379938
2016-04-28,99.3676083
2016-04-29,99.31428189
2016-04-30,99.31428189
2016-05-01,99.31428189
2016-05-02,99.31988261
2016-05-03,99.19145486
2016-05-04,99.13985208
2016-05-05,98.94796581
2016-05-06,98.68147957
2016-05-07,98.68147957
2016-05-08,98.68147957
2016-05-09,98.25791431
2016-05-10,98.17664827
2016-05-11,98.2405938
2016-05-12,98.2412969
2016-05-13,98.24193365
2016-05-14,98.24193365
2016-05-15,98.24193365
2016-05-16,98.20190968
2016-05-17,98.20190968
2016-05-18,98.20190968
2016-05-19,98.20190968
2016-05-20,98.20433353
2016-05-21,98.20433353
2016-05-22,98.20433353
2016-05-23,98.20433353
2016-05-24,98.20433353
2016-05-25,98.08137021
2016-05-26,98.08137021
2016-05-27,98.0762583
2016-05-28,98.0762583
2016-05-29,98.0762583
2016-05-30,98.0762583
2016-05-31,98.04507647
2016-06-01,98.03453976
2016-06-02,98.03453976
2016-06-03,98.0358233
2016-06-04,98.0358233
2016-06-05,98.0358233
2016-06-06,98.03706091
2016-06-07,98.04492347
2016-06-08,98.08150646
2016-06-09,98.01557934
2016-06-10,98.05731526
2016-06-11,98.05731526
2016-06-12,98.05731526
2016-06-13,98.05731526
2016-06-14,98.06937568
2016-06-15,98.06937568
2016-06-16,98.06937568
2016-06-17,98.06937568
2016-06-18,98.06937568
2016-06-19,98.06937568
2016-06-20,98.07095334
2016-06-21,98.07095334
2016-06-22,98.07095334
2016-06-23,98.07095334
2016-06-24,98.07095334
2016-06-25,98.07095334
2016-06-26,98.07095334
2016-06-27,98.07095334
2016-06-28,98.07095334
2016-06-29,98.07576974
2016-06-30,98.07237246
2016-07-01,98.07237246
2016-07-02,98.07237246
2016-07-03,98.07237246
2016-07-04,98.07237246
2016-07-05,98.07237246
2016-07-06,98.0723589
2016-07-07,98.0723589
2016-07-08,98.0723589
2016-07-09,98.0723589
2016-07-10,98.0723589
2016-07-11,98.07264328
2016-07-12,98.07319535
2016-07-13,98.07319535
2016-07-14,98.07319535
2016-07-15,98.07219133
2016-07-16,98.07219133
2016-07-17,98.07219133
2016-07-18,98.07219133
2016-07-19,98.07219133
2016-07-20,98.07219133
2016-07-21,98.08379186
2016-07-22,98.08379186
2016-07-23,98.08379186
2016-07-24,98.08379186
2016-07-25,98.08379186
2016-07-26,98.08379186
2016-07-27,98.03663948
2016-07-28,97.99868666
2016-07-29,98.01521694
2016-07-30,98.01521694
2016-07-31,98.01521694
2016-08-01,98.0376835
2016-08-02,97.96509741
2016-08-03,97.96963695
2016-08-04,97.90696381
2016-08-05,97.77376905
2016-08-06,97.77376905
2016-08-07,97.77376905
2016-08-08,98.35038057
2016-08-09,97.94132958
2016-08-10,98.00267784
2016-08-11,98.00457478
2016-08-12,98.00524354
2016-08-13,98.00524354
2016-08-14,98.00524354
2016-08-15,97.92593498
2016-08-16,97.92519222
2016-08-17,97.92519222
2016-08-18,97.92519222
2016-08-19,97.92519222
2016-08-20,97.92519222
2016-08-21,97.92519222
2016-08-22,97.92519222
2016-08-23,97.92519222
2016-08-24,97.92148205
2016-08-25,97.92407416
2016-08-26,97.93098415
2016-08-27,97.93098415
2016-08-28,97.93098415
2016-08-29,97.93195619
2016-08-30,97.93691928
2016-08-31,97.93491887
2016-09-01,97.91349293
2016-09-02,97.91277954
2016-09-03,97.91277954
2016-09-04,97.91277954
2016-09-05,97.91277954
2016-09-06,97.91713009
2016-09-07,97.90969354
2016-09-08,97.88188933
2016-09-09,97.93361041
2016-09-10,97.93361041
2016-09-11,97.93361041
2016-09-12,97.93361041
2016-09-13,97.90895411
2016-09-14,97.9100527
2016-09-15,97.9100527
2016-09-16,97.9100527
2016-09-17,97.9100527
2016-09-18,97.9100527
2016-09-19,97.9100527
2016-09-20,97.9100527
2016-09-21,97.9100527
2016-09-22,97.9100527
2016-09-23,97.9100527
2016-09-24,97.9100527
2016-09-25,97.9100527
2016-09-26,97.9100527
2016-09-27,97.9100527
2016-09-28,97.91164965
2016-09-29,97.90726921
2016-09-30,97.90726921
2016-10-01,97.90726921
2016-10-02,97.90726921
2016-10-03,97.90726921
2016-10-04,97.90726921
2016-10-05,97.90726921
2016-10-06,97.90469795
2016-10-07,97.90427868
2016-10-08,97.90427868
2016-10-09,97.90427868
2016-10-10,97.90427868
2016-10-11,97.90427868
2016-10-12,97.90427868
2016-10-13,97.90490863
2016-10-14,97.86797382
2016-10-15,97.86797382
2016-10-16,97.86797382
2016-10-17,97.86797382
2016-10-18,97.86797382
2016-10-19,97.86797382
2016-10-20,97.861899
2016-10-21,97.861899
2016-10-22,97.861899
2016-10-23,97.861899
2016-10-24,97.861899
2016-10-25,97.8448076
2016-10-26,97.80421129
2016-10-27,97.7620846
2016-10-28,97.76090835
2016-10-29,97.76090835
2016-10-30,97.76090835
2016-10-31,97.79729526
2016-11-01,97.78366372
2016-11-02,97.72242438
2016-11-03,98.37167545
2016-11-04,98.33800639
2016-11-05,98.33800639
2016-11-06,98.33800639
2016-11-07,98.28444953
2016-11-08,98.22951079
2016-11-09,97.87404153
2016-11-10,97.87533987
2016-11-11,97.87533987
2016-11-12,97.87533987
2016-11-13,97.87533987
2016-11-14,97.93237003
2016-11-15,97.93435096
2016-11-16,97.93435096
2016-11-17,97.93456373
2016-11-18,97.93610781
2016-11-19,97.93610781
2016-11-20,97.93610781
2016-11-21,97.93556547
2016-11-22,97.94022182
2016-11-23,97.94022182
2016-11-24,97.94022182
2016-11-25,97.94022182
2016-11-26,97.94022182
2016-11-27,97.94022182
2016-11-28,97.94022182
2016-11-29,97.72409961
2016-11-30,97.69628725
2016-12-01,97.69628725
2016-12-02,97.70083666
2016-12-03,97.70083666
2016-12-04,97.70083666
2016-12-05,97.70931456
2016-12-06,97.70931456
2016-12-07,97.67116852
2016-12-08,97.68253424
2016-12-09,97.7308603
2016-12-10,97.7308603
2016-12-11,97.7308603
2016-12-12,97.72636555
2016-12-13,97.71915659
2016-12-14,97.71793841
2016-12-15,97.71793841
2016-12-16,97.71793841
2016-12-17,97.71793841
2016-12-18,97.71793841
2016-12-19,97.71793841
2016-12-20,97.71793841
2016-12-21,97.71793841
2016-12-22,97.71793841
2016-12-23,97.71793841
2016-12-24,97.71793841
2016-12-25,97.71793841
2016-12-26,97.71793841
2016-12-27,97.71793841
2016-12-28,97.71793841
2016-12-29,97.71793841
2016-12-30,97.71793841
2016-12-31,97.71793841
2017-01-01,97.71793841
2017-01-02,97.71793841
2017-01-03,97.71793841
2017-01-04,97.7179893
2017-01-05,97.71780921
2017-01-06,97.71826881
2017-01-07,97.71826881
2017-01-08,97.71826881
2017-01-09,97.71826881
2017-01-10,97.71826881
2017-01-11,97.71826881
2017-01-12,97.71826881
2017-01-13,97.71826881
2017-01-14,97.71826881
2017-01-15,97.71826881
2017-01-16,97.71826881
2017-01-17,97.68744692
2017-01-18,97.68744692
2017-01-19,97.68621692
2017-01-20,97.68621692
2017-01-21,97.68621692
2017-01-22,97.68621692
2017-01-23,97.68621692
2017-01-24,97.68621692
2017-01-25,97.64276497
2017-01-26,97.64276497
2017-01-27,97.64276497
2017-01-28,97.64276497
2017-01-29,97.64276497
2017-01-30,97.64276497
2017-01-31,97.64276497
2017-02-01,97.64276497
2017-02-02,97.66770918
2017-02-03,97.65258343
2017-02-04,97.65258343
2017-02-05,97.65258343
2017-02-06,97.64983361
2017-02-07,97.64921231
2017-02-08,97.64285679
2017-02-09,97.67214212
2017-02-10,97.67214212
2017-02-11,97.67214212
2017-02-12,97.67214212
2017-02-13,97.67214212
2017-02-14,97.67214212
2017-02-15,97.66874484
2017-02-16,97.65986783
2017-02-17,97.66448398
2017-02-18,97.66448398
2017-02-19,97.66448398
2017-02-20,97.66448398
2017-02-21,97.67150243
2017-02-22,97.67095314
2017-02-23,97.67859945
2017-02-24,97.43276346
2017-02-25,97.43276346
2017-02-26,97.43276346
2017-02-27,97.24122946
2017-02-28,94.2289171
2017-03-01,94.82109373
2017-03-02,94.82326309
2017-03-03,94.81266493
2017-03-04,94.81266493
2017-03-05,94.81266493
2017-03-06,94.74472906
2017-03-07,94.73263486
2017-03-08,94.70604657
2017-03-09,94.43940975
2017-03-10,94.32737947
2017-03-11,94.32737947
2017-03-12,94.32737947
2017-03-13,94.31473991
2017-03-14,94.30441694
2017-03-15,94.3082202
2017-03-16,94.37006682
2017-03-17,94.3687075
2017-03-18,94.3687075
2017-03-19,94.3687075
2017-03-20,94.36887429
2017-03-21,94.37046654
2017-03-22,94.36991795
2017-03-23,94.38693689
2017-03-24,94.26750575
2017-03-25,94.26750575
2017-03-26,94.26750575
2017-03-27,94.22170296
2017-03-28,94.20916167
2017-03-29,94.20907273
2017-03-30,94.21859082
2017-03-31,94.05428646
2017-04-01,94.05428646
2017-04-02,94.05428646
2017-04-03,94.06139599
2017-04-04,94.06139599
2017-04-05,94.06139599
2017-04-06,94.0621066
2017-04-07,94.06342491
2017-04-08,94.06342491
2017-04-09,94.06342491
2017-04-10,94.0635366
2017-04-11,94.06425831
2017-04-12,94.06081722
2017-04-13,94.06081722
2017-04-14,94.11837029
2017-04-15,94.11837029
2017-04-16,94.11837029
2017-04-17,94.11837029
2017-04-18,94.11944801
2017-04-19,94.11944801
2017-04-20,94.10010243
2017-04-21,94.10010243
2017-04-22,94.10010243
2017-04-23,94.10010243
2017-04-24,94.1170485
2017-04-25,94.11935206
2017-04-26,94.14372056
2017-04-27,94.13817477
2017-04-28,94.17072567
2017-04-29,94.17072567
2017-04-30,94.17072567
2017-05-01,94.17072567
2017-05-02,94.19526355
2017-05-03,94.19559629
2017-05-04,95.00604404
2017-05-05,94.51132558
2017-05-06,94.51132558
2017-05-07,94.51132558
2017-05-08,94.4645951
2017-05-09,94.84792821
2017-05-10,94.77145116
2017-05-11,94.77972988
2017-05-12,94.780081
2017-05-13,94.780081
2017-05-14,94.780081
2017-05-15,94.81411897
2017-05-16,94.81411897
2017-05-17,94.81411897
2017-05-18,94.81411897
2017-05-19,94.8139368
2017-05-20,94.8139368
2017-05-21,94.8139368
2017-05-22,94.81410137
2017-05-23,94.81410137
2017-05-24,94.81410137
2017-05-25,94.78008963
2017-05-26,94.78008963
2017-05-27,94.78008963
2017-05-28,94.78008963
2017-05-29,94.78008963
2017-05-30,94.78445826
2017-05-31,94.78496514
2017-06-01,94.78662345
2017-06-02,94.78217903
2017-06-03,94.78217903
2017-06-04,94.78217903
2017-06-05,94.78425801
2017-06-06,94.78425801
2017-06-07,94.68218456
2017-06-08,94.65656813
2017-06-09,94.66691502
2017-06-10,94.66691502
2017-06-11,94.66691502
2017-06-12,94.66691502
2017-06-13,94.67074478
2017-06-14,94.57364729
2017-06-15,94.57364729
2017-06-16,94.57364729
2017-06-17,94.57364729
2017-06-18,94.57364729
2017-06-19,94.57753615
2017-06-20,94.57753615
2017-06-21,94.57753615
2017-06-22,94.57753615
2017-06-23,94.57753615
2017-06-24,94.57753615
2017-06-25,94.57753615
2017-06-26,94.57753615
2017-06-27,94.57753615
2017-06-28,94.57753615
2017-06-29,94.58272177
2017-06-30,94.58272177
2017-07-01,94.58272177
2017-07-02,94.58272177
2017-07-03,94.58272177
2017-07-04,94.58272177
2017-07-05,94.58272177
2017-07-06,94.58272177
2017-07-07,94.58857499
2017-07-08,94.58857499
2017-07-09,94.58857499
2017-07-10,94.58857499
2017-07-11,94.58857499
2017-07-12,94.58857499
2017-07-13,94.58857499
2017-07-14,94.58971073
2017-07-15,94.58971073
2017-07-16,94.58971073
2017-07-17,94.58971073
2017-07-18,94.58971073
2017-07-19,94.58971073
2017-07-20,94.58971073
2017-07-21,94.59136905
2017-07-22,94.59136905
2017-07-23,94.59136905
2017-07-24,94.59136905
2017-07-25,94.60031837
2017-07-26,94.6017368
2017-07-27,94.58354682
2017-07-28,94.58354682
2017-07-29,94.58354682
2017-07-30,94.58354682
2017-07-31,94.60461926
2017-08-01,94.62996711
2017-08-02,94.66013518
2017-08-03,94.72492255
2017-08-04,94.7760327
2017-08-05,94.7760327
2017-08-06,94.7760327
2017-08-07,94.51884334
2017-08-08,94.68410399
2017-08-09,94.47291735
2017-08-10,94.46395262
2017-08-11,94.46424982
2017-08-12,94.46424982
2017-08-13,94.46424982
2017-08-14,94.55410113
2017-08-15,94.55440846
2017-08-16,94.55440846
2017-08-17,94.55440846
2017-08-18,94.55851426
2017-08-19,94.55851426
2017-08-20,94.55851426
2017-08-21,94.55938246
2017-08-22,94.55567646
2017-08-23,94.55567646
2017-08-24,94.55897465
2017-08-25,94.57087904
2017-08-26,94.57087904
2017-08-27,94.57087904
2017-08-28,94.57847459
2017-08-29,94.56457979
2017-08-30,94.59517339
2017-08-31,94.59949821
2017-09-01,94.60098895
2017-09-02,94.60098895
2017-09-03,94.60098895
2017-09-04,94.60098895
2017-09-05,94.59238172
2017-09-06,94.5693962
2017-09-07,94.53090718
2017-09-08,94.54993292
2017-09-09,94.54993292
2017-09-10,94.54993292
2017-09-11,94.55090635
2017-09-12,94.56442942
2017-09-13,94.56594765
2017-09-14,94.56594765
2017-09-15,94.56705686
2017-09-16,94.56705686
2017-09-17,94.56705686
2017-09-18,94.56705686
2017-09-19,94.56705686
2017-09-20,94.56705686
2017-09-21,94.56705686
2017-09-22,94.56705686
2017-09-23,94.56705686
2017-09-24,94.56705686
2017-09-25,94.56705686
2017-09-26,94.56497023
2017-09-27,94.56780016
2017-09-28,94.64558507
2017-09-29,94.64558507
2017-09-30,94.64558507
2017-10-01,94.64558507
2017-10-02,94.64558507
2017-10-03,94.64558507
2017-10-04,94.64558507
2017-10-05,94.64558507
2017-10-06,94.64558507
2017-10-07,94.64558507
2017-10-08,94.64558507
2017-10-09,94.64558507
2017-10-10,94.64618304
2017-10-11,94.64618304
2017-10-12,94.64870145
2017-10-13,94.65004757
2017-10-14,94.65004757
2017-10-15,94.65004757
2017-10-16,94.66761929
2017-10-17,94.66761929
2017-10-18,94.66761929
2017-10-19,94.67220416
2017-10-20,94.67220416
2017-10-21,94.67220416
2017-10-22,94.67220416
2017-10-23,94.67220416
2017-10-24,94.67220416
2017-10-25,94.68638499
2017-10-26,94.68867951
2017-10-27,94.68867951
2017-10-28,94.68867951
2017-10-29,94.68867951
2017-10-30,94.69711222
2017-10-31,94.76448766
2017-11-01,94.84917978
2017-11-02,94.75121455
2017-11-03,94.79526116
2017-11-04,94.79526116
2017-11-05,94.79526116
2017-11-06,94.84581612
2017-11-07,94.89085659
2017-11-08,94.81768806
2017-11-09,95.18237097
2017-11-10,95.18237097
2017-11-11,95.18237097
2017-11-12,95.18237097
2017-11-13,95.31948511
2017-11-14,95.32944825
2017-11-15,95.35244416
2017-11-16,95.35244416
2017-11-17,95.38494986
2017-11-18,95.38494986
2017-11-19,95.38494986
2017-11-20,95.3851688
2017-11-21,95.3861308
2017-11-22,95.3861308
2017-11-23,95.3861308
2017-11-24,95.3861308
2017-11-25,95.3861308
2017-11-26,95.3861308
2017-11-27,95.3861308
2017-11-28,95.37011158
2017-11-29,95.33534613
2017-11-30,95.33534613
2017-12-01,95.34046986
2017-12-02,95.34046986
2017-12-03,95.34046986
2017-12-04,95.35232905
2017-12-05,95.35282828
2017-12-06,95.34421688
2017-12-07,95.31315882
2017-12-08,95.32635081
2017-12-09,95.32635081
2017-12-10,95.32635081
2017-12-11,95.34355484
2017-12-12,95.3462692
2017-12-13,95.3475882
2017-12-14,95.3475882
2017-12-15,95.3475882
2017-12-16,95.3475882
2017-12-17,95.3475882
2017-12-18,95.3475882
2017-12-19,95.3475882
2017-12-20,95.3475882
2017-12-21,95.3475882
2017-12-22,95.3475882
2017-12-23,95.3475882
2017-12-24,95.3475882
2017-12-25,95.3475882
2017-12-26,95.3475882
2017-12-27,95.34758464
2017-12-28,95.43853106
2017-12-29,95.43853106
2017-12-30,95.43853106
2017-12-31,95.43853106
2018-01-01,95.43853106
2018-01-02,95.43853106
2018-01-03,95.43853106
2018-01-04,95.43853106
2018-01-05,95.43301309
2018-01-06,95.43301309
2018-01-07,95.43301309
2018-01-08,95.43301309
2018-01-09,95.4337334
2018-01-10,95.4337334
2018-01-11,95.43738725
2018-01-12,95.43866732
2018-01-13,95.43866732
2018-01-14,95.43866732
2018-01-15,95.43866732
2018-01-16,95.43866732
2018-01-17,95.43866732
2018-01-18,95.4417538
2018-01-19,95.4417538
2018-01-20,95.4417538
2018-01-21,95.4417538
2018-01-22,95.4417538
2018-01-23,95.4417538
2018-01-24,95.4417538
2018-01-25,95.45775216
2018-01-26,95.45775216
2018-01-27,95.45775216
2018-01-28,95.45775216
2018-01-29,95.45677923
2018-01-30,95.46433168
2018-01-31,95.52474013
2018-02-01,95.53117174
2018-02-02,95.5263942
2018-02-03,95.5263942
2018-02-04,95.5263942
2018-02-05,95.54295577
2018-02-06,95.55618643
2018-02-07,95.57777021
2018-02-08,95.61374125
2018-02-09,95.60908412
2018-02-10,95.60908412
2018-02-11,95.60908412
2018-02-12,95.60908412
2018-02-13,95.61261212
2018-02-14,95.61397562
2018-02-15,95.65590276
2018-02-16,95.70376783
2018-02-17,95.70376783
2018-02-18,95.70376783
2018-02-19,95.70376783
2018-02-20,95.70711884
2018-02-21,95.7061023
2018-02-22,95.95993321
2018-02-23,96.01893366
2018-02-24,96.01893366
2018-02-25,96.01893366
2018-02-26,96.05595261
2018-02-27,96.12803182
2018-02-28,96.26186281
2018-03-01,97.05234019
2018-03-02,96.86803114
2018-03-03,96.86803114
2018-03-04,96.86803114
2018-03-05,96.90587125
2018-03-06,96.96609962
2018-03-07,96.96144177
2018-03-08,96.97506809
2018-03-09,96.956746
2018-03-10,96.956746
2018-03-11,96.956746
2018-03-12,97.07966042
2018-03-13,97.09644398
2018-03-14,97.10077004
2018-03-15,97.31795388
2018-03-16,97.33110565
2018-03-17,97.33110565
2018-03-18,97.33110565
2018-03-19,97.37977728
2018-03-20,97.37977728
2018-03-21,97.36870696
2018-03-22,97.36870696
2018-03-23,97.40706994
2018-03-24,97.40706994
2018-03-25,97.40706994
2018-03-26,97.40706994
2018-03-27,97.39769231
2018-03-28,97.40073776
2018-03-29,97.39795328
2018-03-30,97.4913736
2018-03-31,97.4913736
2018-04-01,97.4913736
2018-04-02,97.14979849
2018-04-03,97.08867109
2018-04-04,97.10548644
2018-04-05,97.1059231
2018-04-06,97.10634556
2018-04-07,97.10634556
2018-04-08,97.10634556
2018-04-09,97.10652922
2018-04-10,97.11142628
2018-04-11,97.12768747
2018-04-12,97.13417609
2018-04-13,97.13572108
2018-04-14,97.13572108
2018-04-15,97.13572108
2018-04-16,97.13813455
2018-04-17,97.1577628
2018-04-18,97.17628027
2018-04-19,97.17647704
2018-04-20,97.18160773
2018-04-21,97.18160773
2018-04-22,97.18160773
2018-04-23,97.18160773
2018-04-24,97.18160773
2018-04-25,97.20498124
2018-04-26,97.17317433
2018-04-27,97.17247832
2018-04-28,97.17247832
2018-04-29,97.17247832
2018-04-30,97.18870892
2018-05-01,97.18630037
2018-05-02,97.28658499
2018-05-03,97.46412767
2018-05-04,97.40179509
2018-05-05,97.40179509
2018-05-06,97.40179509
2018-05-07,97.70063992
2018-05-08,97.76601803
2018-05-09,97.9577644
2018-05-10,98.00226578
2018-05-11,98.05185565
2018-05-12,98.05185565
2018-05-13,98.05185565
2018-05-14,98.0518627
2018-05-15,98.07877885
2018-05-16,98.07877885
2018-05-17,98.07940558
2018-05-18,98.08844669
2018-05-19,98.08844669
2018-05-20,98.08844669
2018-05-21,98.08871247
2018-05-22,98.08871247
2018-05-23,98.08871247
2018-05-24,98.08871247
2018-05-25,98.08871247
2018-05-26,98.08871247
2018-05-27,98.08871247
2018-05-28,98.08871247
2018-05-29,98.08871247
2018-05-30,98.01132596
2018-05-31,98.01947637
2018-06-01,98.03833051
2018-06-02,98.03833051
2018-06-03,98.03833051
2018-06-04,98.03593448
2018-06-05,98.03593448
2018-06-06,98.05584952
2018-06-07,98.08189788
2018-06-08,98.10914095
2018-06-09,98.10914095
2018-06-10,98.10914095
2018-06-11,98.11261263
2018-06-12,98.11261263
2018-06-13,98.11075059
2018-06-14,98.1383652
2018-06-15,98.1383652
2018-06-16,98.1383652
2018-06-17,98.1383652
2018-06-18,98.20193939
2018-06-19,98.20193939
2018-06-20,98.20193939
2018-06-21,98.20193939
2018-06-22,98.1968824
2018-06-23,98.1968824
2018-06-24,98.1968824
2018-06-25,98.1968824
2018-06-26,98.1968824
2018-06-27,98.1968824
2018-06-28,98.19886751
2018-06-29,98.19847883
2018-06-30,98.19847883
2018-07-01,98.19847883
2018-07-02,98.19847883
2018-07-03,98.19847883
2018-07-04,98.19847883
2018-07-05,98.19847883
2018-07-06,98.19922845
2018-07-07,98.19922845
2018-07-08,98.19922845
2018-07-09,98.19922845
2018-07-10,98.19922845
2018-07-11,98.19922845
2018-07-12,98.20059821
2018-07-13,98.2011781
2018-07-14,98.2011781
2018-07-15,98.2011781
2018-07-16,98.203056
2018-07-17,98.203056
2018-07-18,98.203056
2018-07-19,98.20625651
2018-07-20,98.20964892
2018-07-21,98.20964892
2018-07-22,98.20964892
2018-07-23,98.20964892
2018-07-24,98.20964892
2018-07-25,98.21848769
2018-07-26,98.20660625
2018-07-27,98.24052037
2018-07-28,98.24052037
2018-07-29,98.24052037
2018-07-30,98.24163564
2018-07-31,98.33139865
2018-08-01,98.39090661
2018-08-02,98.56612719
2018-08-03,98.63635402
2018-08-04,98.63635402
2018-08-05,98.63635402
2018-08-06,98.98391398
2018-08-07,99.04704089
2018-08-08,99.32229049
2018-08-09,99.36435185
2018-08-10,99.36679249
2018-08-11,99.36679249
2018-08-12,99.36679249
2018-08-13,99.43188648
2018-08-14,99.4328633
2018-08-15,99.43522179
2018-08-16,99.43522179
2018-08-17,99.43522179
2018-08-18,99.43522179
2018-08-19,99.43522179
2018-08-20,99.41932509
2018-08-21,99.41932509
2018-08-22,99.41932509
2018-08-23,99.42759232
2018-08-24,99.42876878
2018-08-25,99.42876878
2018-08-26,99.42876878
2018-08-27,99.44280151
2018-08-28,99.46198509
2018-08-29,99.46253505
2018-08-30,99.47563884
2018-08-31,99.4713321
2018-09-01,99.4713321
2018-09-02,99.4713321
2018-09-03,99.4713321
2018-09-04,99.4713321
2018-09-05,99.32067532
2018-09-06,99.33761652
2018-09-07,99.37436562
2018-09-08,99.37436562
2018-09-09,99.37436562
2018-09-10,99.37616728
2018-09-11,99.37616728
2018-09-12,99.37704615
2018-09-13,99.41952959
2018-09-14,99.41952959
2018-09-15,99.41952959
2018-09-16,99.41952959
2018-09-17,99.41952959
2018-09-18,99.41953932
2018-09-19,99.41953932
2018-09-20,99.41953932
2018-09-21,99.42013485
2018-09-22,99.42013485
2018-09-23,99.42013485
2018-09-24,99.42013485
2018-09-25,99.42013485
2018-09-26,99.42013485
2018-09-27,99.41922747
2018-09-28,99.4176818
2018-09-29,99.4176818
2018-09-30,99.4176818
2018-10-01,99.4176818
2018-10-02,99.4176818
2018-10-03,99.4176818
2018-10-04,99.4176818
2018-10-05,99.41945275
2018-10-06,99.41945275
2018-10-07,99.41945275
2018-10-08,99.41945275
2018-10-09,99.41945275
2018-10-10,99.41945275
2018-10-11,99.42443256
2018-10-12,99.41507996
2018-10-13,99.41507996
2018-10-14,99.41507996
2018-10-15,99.41086916
2018-10-16,99.41086916
2018-10-17,99.41086916
2018-10-18,99.41086916
2018-10-19,99.414231
2018-10-20,99.414231
2018-10-21,99.414231
2018-10-22,99.414231
2018-10-23,99.4159804
2018-10-24,99.43786803
2018-10-25,99.45659687
2018-10-26,99.47271831
2018-10-27,99.47271831
2018-10-28,99.47271831
2018-10-29,99.47271831
2018-10-30,99.47338892
2018-10-31,99.46576208
2018-11-01,99.47285214
2018-11-02,99.48975302
2018-11-03,99.48975302
2018-11-04,99.48975302
2018-11-05,99.71570362
2018-11-06,99.8339791
2018-11-07,99.84777215
2018-11-08,99.95114825
2018-11-09,99.78027299
2018-11-10,99.78027299
2018-11-11,99.78027299
2018-11-12,99.78027299
2018-11-13,99.79450778
2018-11-14,99.81327092
2018-11-15,99.81327092
2018-11-16,99.81111825
2018-11-17,99.81111825
2018-11-18,99.81111825
2018-11-19,99.84550851
2018-11-20,99.84528143
2018-11-21,99.84528143
2018-11-22,99.84528143
2018-11-23,99.84528143
2018-11-24,99.84528143
2018-11-25,99.84528143
2018-11-26,99.84528143
2018-11-27,99.84528143
2018-11-28,99.73125074
2018-11-29,99.73125074
2018-11-30,99.73332624
2018-12-01,99.73332624
2018-12-02,99.73332624
2018-12-03,99.73318627
2018-12-04,99.8054706
2018-12-05,99.8054706
2018-12-06,99.82205998
2018-12-07,99.82122467
2018-12-08,99.82122467
2018-12-09,99.82122467
2018-12-10,99.79002407
2018-12-11,99.78996667
2018-12-12,99.7860653
2018-12-13,99.77494522
2018-12-14,99.7746219
2018-12-15,99.7746219
2018-12-16,99.7746219
2018-12-17,99.7746219
2018-12-18,99.7746219
2018-12-19,99.7746219
2018-12-20,99.79957306
2018-12-21,99.87787251
2018-12-22,99.87787251
2018-12-23,99.87787251
2018-12-24,99.87787251
2018-12-25,99.87787251
2018-12-26,99.87787251
2018-12-27,99.87787251
2018-12-28,99.87787251
2018-12-29,99.87787251
2018-12-30,99.87787251
2018-12-31,99.87889183
2019-01-01,99.87889183
2019-01-02,99.87889183
2019-01-03,99.87889183
2019-01-04,99.88384243
2019-01-05,99.88384243
2019-01-06,99.88384243
2019-01-07,99.88527645
2019-01-08,99.89751737
2019-01-09,99.89929111
2019-01-10,99.90084304
2019-01-11,99.90084304
2019-01-12,99.90084304
2019-01-13,99.90084304
2019-01-14,99.90084304
2019-01-15,99.90084304
2019-01-16,99.90084304
2019-01-17,99.90045558
2019-01-18,99.90045558
2019-01-19,99.90045558
2019-01-20,99.90045558
2019-01-21,99.90045558
2019-01-22,99.90045558
2019-01-23,99.90045558
2019-01-24,99.90045558
2019-01-25,99.90045558
2019-01-26,99.90045558
2019-01-27,99.90045558
2019-01-28,99.90045558
2019-01-29,99.90045558
2019-01-30,99.90045558
2019-01-31,99.90045558
2019-02-01,99.9082924
2019-02-02,99.9082924
2019-02-03,99.9082924
2019-02-04,99.9222111
2019-02-05,99.97909642
2019-02-06,99.97623305
2019-02-07,100.0054281
2019-02-08,100.0089466
2019-02-09,100.0089466
2019-02-10,100.0089466
2019-02-11,100.0930234
2019-02-12,100.0930234
2019-02-13,100.0982313
2019-02-14,100.0982313
2019-02-15,100.1826585
2019-02-16,100.1826585
2019-02-17,100.1826585
2019-02-18,100.1826585
2019-02-19,100.1847007
2019-02-20,100.1894211
2019-02-21,100.2051018
2019-02-22,100.1197922
2019-02-23,100.1197922
2019-02-24,100.1197922
2019-02-25,100.1197922
2019-02-26,99.59223065
2019-02-27,99.43270033
2019-02-28,99.47545158
2019-03-01,99.42640934
2019-03-02,99.42640934
2019-03-03,99.42640934
2019-03-04,99.42605265
2019-03-05,99.44002066
2019-03-06,99.39608796
2019-03-07,99.37361742
2019-03-08,99.38702216
2019-03-09,99.38702216
2019-03-10,99.38702216
2019-03-11,99.4511081
2019-03-12,99.5654355
2019-03-13,99.62329806
2019-03-14,99.64042459
2019-03-15,99.66930137
2019-03-16,99.66930137
2019-03-17,99.66930137
2019-03-18,99.65109181
2019-03-19,99.36582945
2019-03-20,99.36582945
2019-03-21,99.36582945
2019-03-22,99.36458972
2019-03-23,99.36458972
2019-03-24,99.36458972
2019-03-25,99.36458972
2019-03-26,99.36458972
2019-03-27,99.32078386
2019-03-28,99.32078386
2019-03-29,99.27799176
2019-03-30,99.27799176
2019-03-31,99.27799176
2019-04-01,99.25506091
2019-04-02,99.24649559
2019-04-03,99.24649559
2019-04-04,99.25384431
2019-04-05,99.25384431
2019-04-06,99.25384431
2019-04-07,99.25384431
2019-04-08,99.25585179
2019-04-09,99.25585179
2019-04-10,99.25895774
2019-04-11,99.25713116
2019-04-12,99.25988486
2019-04-13,99.25988486
2019-04-14,99.25988486
2019-04-15,99.25988486
2019-04-16,99.25475905
2019-04-17,99.22525639
2019-04-18,99.24635485
2019-04-19,99.26370767
2019-04-20,99.26370767
2019-04-21,99.26370767
2019-04-22,99.26370767
2019-04-23,99.26384813
2019-04-24,99.26143819
2019-04-25,99.26986185
2019-04-26,99.21562844
2019-04-27,99.21562844
2019-04-28,99.21562844
2019-04-29,99.21794313
2019-04-30,99.23972454
2019-05-01,99.1210078
2019-05-02,98.94443598
2019-05-03,98.94753428
2019-05-04,98.94753428
2019-05-05,98.94753428
2019-05-06,99.01951276
2019-05-07,99.01105955
2019-05-08,98.91369832
2019-05-09,98.91190588
2019-05-10,98.89607254
2019-05-11,98.89607254
2019-05-12,98.89607254
2019-05-13,98.90482689
2019-05-14,98.90225607
2019-05-15,98.90772189
2019-05-16,99.21148781
2019-05-17,99.21148781
2019-05-18,99.21148781
2019-05-19,99.21148781
2019-05-20,99.55160935
2019-05-21,99.55160935
2019-05-22,99.55160935
2019-05-23,99.55188914
2019-05-24,99.55164022
2019-05-25,99.55164022
2019-05-26,99.55164022
2019-05-27,99.55164022
2019-05-28,99.55164022
2019-05-29,99.45082041
2019-05-30,99.46501584
2019-05-31,99.46603307
2019-06-01,99.46603307
2019-06-02,99.46603307
2019-06-03,99.47067009
2019-06-04,99.47067009
2019-06-05,99.47142798
2019-06-06,99.45963206
2019-06-07,99.44773471
2019-06-08,99.44773471
2019-06-09,99.44773471
2019-06-10,99.42302482
2019-06-11,99.40401277
2019-06-12,99.40708048
2019-06-13,99.29030889
2019-06-14,99.25056325
2019-06-15,99.25056325
2019-06-16,99.25056325
2019-06-17,99.25056325
2019-06-18,99.25056325
2019-06-19,99.25056325
2019-06-20,99.25056325
2019-06-21,99.25056325
2019-06-22,99.25056325
2019-06-23,99.25056325
2019-06-24,99.25056325
2019-06-25,99.25056325
2019-06-26,99.25056325
2019-06-27,99.23318192
2019-06-28,99.23932775
2019-06-29,99.23932775
2019-06-30,99.23932775
2019-07-01,99.23932775
2019-07-02,99.23321599
2019-07-03,99.23321599
2019-07-04,99.23321599
2019-07-05,99.23321599
2019-07-06,99.23321599
2019-07-07,99.23321599
2019-07-08,99.28366799
2019-07-09,99.28503725
2019-07-10,99.28503725
2019-07-11,99.28503725
2019-07-12,99.28001712
2019-07-13,99.28001712
2019-07-14,99.28001712
2019-07-15,99.28001712
2019-07-16,99.28001712
2019-07-17,99.28001712
2019-07-18,99.276996
2019-07-19,99.276996
2019-07-20,99.276996
2019-07-21,99.276996
2019-07-22,99.2186262
2019-07-23,99.2186262
2019-07-24,99.19742414
2019-07-25,99.19742414
2019-07-26,99.19764107
2019-07-27,99.19764107
2019-07-28,99.19764107
2019-07-29,99.19764107
2019-07-30,99.20560723
2019-07-31,99.10255086
2019-08-01,99.08116639
2019-08-02,99.03312533
2019-08-03,99.03312533
2019-08-04,99.03312533
2019-08-05,99.05307097
2019-08-06,99.04463852
2019-08-07,98.88901282
2019-08-08,98.76296176
2019-08-09,98.73185351
2019-08-10,98.73185351
2019-08-11,98.73185351
2019-08-12,98.73383931
2019-08-13,98.73862597
2019-08-14,98.67449338
2019-08-15,98.67449338
2019-08-16,98.67449338
2019-08-17,98.67449338
2019-08-18,98.67449338
2019-08-19,98.67478911
2019-08-20,98.67478911
2019-08-21,98.67478911
2019-08-22,98.67478911
2019-08-23,98.67867589
2019-08-24,98.67867589
2019-08-25,98.67867589
2019-08-26,98.67867589
2019-08-27,98.65799392
2019-08-28,98.48465407
2019-08-29,98.48373209
2019-08-30,98.48373209
2019-08-31,98.48373209
2019-09-01,98.48373209
2019-09-02,98.48373209
2019-09-03,98.48373209
2019-09-04,98.48373209
2019-09-05,98.47097606
2019-09-06,98.44347643
2019-09-07,98.44347643
2019-09-08,98.44347643
2019-09-09,98.44453608
2019-09-10,98.43302315
2019-09-11,98.46082787
2019-09-12,98.41101879
2019-09-13,98.40386095
2019-09-14,98.40386095
2019-09-15,98.40386095
2019-09-16,98.40386095
2019-09-17,98.40386095
2019-09-18,98.40386095
2019-09-19,98.40386095
2019-09-20,98.40386095
2019-09-21,98.40386095
2019-09-22,98.40386095
2019-09-23,98.40386095
2019-09-24,98.40941855
2019-09-25,98.40941855
2019-09-26,98.40941855
2019-09-27,98.40941855
2019-09-28,98.40941855
2019-09-29,98.40941855
2019-09-30,98.39798167
2019-10-01,98.39798167
2019-10-02,98.39798167
2019-10-03,98.39552236
2019-10-04,98.39552236
2019-10-05,98.39552236
2019-10-06,98.39552236
2019-10-07,98.39552236
2019-10-08,98.39552236
2019-10-09,98.39552236
2019-10-10,98.39621767
2019-10-11,98.37082568
2019-10-12,98.37082568
2019-10-13,98.37082568
2019-10-14,98.37082568
2019-10-15,98.37350957
2019-10-16,98.37350957
2019-10-17,98.37490436
